0.27,1,76.6,0.00,-0.01,-45,-94.5,REV,0.11;0.13;0.25;5.98;2.37;1.32;1.03;0.95;1.04;1.38;2.63;6.00;0.25;0.13;0.11;0.10,tick=126807 goal=0 lap=0 last=0.0 best=0.0
0.59,2,78.7,-0.07,0.19,-45,-94.5,REV,0.10;0.14;0.29;5.99;2.23;1.28;0.99;0.95;1.06;1.39;2.78;2.73;0.23;0.14;0.10;0.10,tick=126839 goal=0 lap=0 last=0.0 best=0.0
0.91,3,87.6,-0.15,0.30,-45,-94.5,REV,0.20;0.32;0.91;4.24;1.54;1.03;0.89;0.88;1.05;1.59;4.74;0.89;0.31;0.20;0.17;0.18,tick=126871 goal=0 lap=0 last=0.0 best=0.0
1.23,4,98.1,-0.13,0.28,-45,-62.99999999999999,REV,0.34;0.64;6.00;2.11;1.12;0.87;0.81;0.87;1.14;2.08;5.99;0.68;0.34;0.26;0.24;0.26,
1.55,5,106.2,-0.14,0.17,18,62.99999999999999,FWD,0.51;1.28;4.93;1.41;0.94;0.76;0.73;0.87;1.24;3.07;2.21;0.59;0.39;0.33;0.30;0.36,tick=126935 goal=0 lap=0 last=0.0 best=0.0
1.87,6,110.5,-0.12,-0.11,18,62.99999999999999,FWD,0.61;1.67;3.82;1.27;0.83;0.68;0.69;0.83;1.21;3.29;2.10;0.68;0.44;0.39;0.36;0.41,tick=126967 goal=0 lap=0 last=0.0 best=0.0
2.19,7,0.0,-0.03,0.01,18,62.99999999999999,FWD,0.63;1.47;5.01;1.32;0.82;0.71;0.67;0.75;1.10;2.60;3.08;0.79;0.49;0.42;0.39;0.45,tick=126999 goal=0 lap=0 last=0.0 best=0.0
2.51,8,106.9,0.05,0.09,18,62.99999999999999,FWD,0.64;1.50;4.76;1.31;0.83;0.68;0.68;0.77;1.11;2.68;2.89;0.75;0.48;0.39;0.40;0.43,tick=127031 goal=0 lap=0 last=0.0 best=0.0
2.84,9,109.7,0.10,0.10,18,62.99999999999999,FWD,0.63;1.73;3.60;1.25;0.84;0.72;0.71;0.82;1.24;3.49;1.93;0.66;0.41;0.38;0.36;0.42,tick=127063 goal=0 lap=0 last=0.0 best=0.0
3.16,10,113.7,0.15,0.17,18,-100,FWD,0.65;2.73;2.61;1.16;0.83;0.73;0.76;0.94;1.51;5.99;1.17;0.51;0.36;0.33;0.35;0.41,tick=127095 goal=0 lap=0 last=0.0 best=0.0
3.48,11,114.1,0.17,-0.33,-45,100,REV,0.56;2.27;2.82;1.26;0.88;0.77;0.79;0.98;1.60;5.99;-1.00;0.45;0.33;0.29;0.28;0.32,tick=127127 goal=0 lap=0 last=0.0 best=0.0
3.80,12,110.2,0.06,0.07,-45,-62.99999999999999,REV,0.40;1.05;4.51;1.52;1.00;0.83;0.84;0.98;1.46;4.00;1.26;0.41;0.27;0.23;0.23;0.26,tick=127159 goal=0 lap=0 last=0.0 best=0.0
4.12,13,114.1,-0.09,0.15,-45,94.5,REV,0.40;1.26;3.77;1.42;0.97;0.83;0.85;1.00;1.53;4.79;1.06;0.41;0.28;-1.00;0.23;0.27,tick=127191 goal=0 lap=0 last=0.0 best=0.0
4.44,14,111.7,-0.14,-0.26,-45,-62.99999999999999,REV,0.49;1.42;3.79;1.37;0.95;0.80;0.80;0.95;1.43;4.24;1.36;0.49;0.32;0.28;0.27;0.33,tick=127224 goal=0 lap=0 last=0.0 best=0.0
4.76,15,107.0,-0.15,0.20,18,62.99999999999999,FWD,0.53;1.27;5.25;-1.00;0.90;0.76;0.73;0.82;1.20;2.87;2.53;0.67;0.42;0.34;0.33;0.39,tick=127256 goal=0 lap=0 last=0.0 best=0.0
5.08,16,107.1,-0.10,-0.10,18,62.99999999999999,FWD,0.66;1.66;3.96;1.27;0.81;0.70;0.68;0.77;1.16;3.02;2.35;0.72;0.45;0.40;0.39;0.44,tick=127288 goal=0 lap=0 last=0.0 best=0.0
5.40,17,104.0,-0.02,-0.02,18,62.99999999999999,FWD,0.65;1.46;5.36;1.32;0.84;0.67;0.66;0.74;1.05;2.40;3.55;0.82;0.54;0.42;0.42;0.47,tick=127320 goal=0 lap=0 last=0.0 best=0.0
5.72,18,105.7,0.03,0.07,18,62.99999999999999,FWD,0.65;1.51;5.04;1.30;0.81;0.68;0.65;0.75;1.08;2.53;3.27;0.82;0.50;0.43;0.40;0.47,tick=127352 goal=0 lap=0 last=0.0 best=0.0
6.04,19,108.7,0.08,0.14,18,62.99999999999999,FWD,0.66;1.73;3.71;1.24;0.83;0.69;0.69;0.82;1.20;3.25;2.15;0.69;0.46;0.37;0.37;0.44,tick=127384 goal=0 lap=0 last=0.0 best=0.0
6.36,20,113.4,0.13,0.00,18,-100,FWD,0.68;2.65;2.65;1.16;0.83;0.71;0.72;0.90;1.45;5.96;1.30;0.54;0.40;0.33;0.35;0.45,tick=127416 goal=0 lap=0 last=0.0 best=0.0
6.68,21,113.4,0.18,-0.33,18,-100,FWD,0.58;2.22;2.86;1.23;0.89;0.77;0.79;0.97;1.54;6.00;1.14;0.47;0.34;0.30;0.31;0.38,tick=127448 goal=0 lap=0 last=0.0 best=0.0
7.00,22,97.6,0.18,-0.44,-45,-62.99999999999999,REV,0.31;0.62;6.00;1.98;1.13;0.87;0.82;0.91;1.22;2.38;5.99;0.56;0.29;0.23;0.23;0.24,tick=127480 goal=0 lap=0 last=0.0 best=0.0
7.32,23,94.0,0.06,-0.05,-45,-94.5,REV,0.18;0.27;0.89;3.77;1.52;1.05;0.94;0.94;1.12;1.75;6.00;0.61;0.23;0.16;0.14;0.14,tick=127512 goal=0 lap=0 last=0.0 best=0.0
7.64,24,89.3,-0.09,0.17,-45,-0.0,REV,-1.00;0.26;0.83;3.83;1.54;1.07;0.92;0.93;1.14;1.78;6.00;0.57;0.23;0.17;0.13;0.14,tick=127544 goal=0 lap=0 last=0.0 best=0.0
7.96,25,94.3,-0.15,0.02,-45,100,REV,0.25;0.44;2.35;2.76;1.31;0.97;0.85;0.91;1.12;1.88;5.99;0.67;0.29;0.23;0.19;0.20,tick=127576 goal=0 lap=0 last=0.0 best=0.0
8.29,26,90.5,-0.16,-0.30,-45,-94.5,REV,0.35;0.51;1.58;3.42;1.32;0.91;0.79;0.79;0.94;1.46;4.70;1.26;0.47;0.32;0.28;0.29,tick=127608 goal=0 lap=0 last=0.0 best=0.0
8.61,27,85.3,-0.15,0.29,-45,-94.5,REV,0.41;0.61;1.52;4.17;1.28;0.85;0.70;0.69;0.81;1.20;3.13;2.23;0.69;0.45;0.38;0.34,tick=127640 goal=0 lap=0 last=0.0 best=0.0
8.93,28,95.4,-0.15,0.24,18,62.99999999999999,FWD,0.58;1.01;6.00;1.79;0.93;0.67;0.61;0.67;0.84;1.46;6.00;1.28;0.64;0.48;0.43;0.47,tick=127672 goal=0 lap=0 last=0.0 best=0.0
9.25,29,100.0,-0.09,-0.12,18,62.99999999999999,FWD,0.71;1.39;6.00;1.36;0.76;0.60;0.56;0.60;0.82;1.60;5.98;1.20;0.68;0.52;0.47;0.54,
9.57,30,97.0,-0.02,-0.02,18,62.99999999999999,FWD,0.72;1.28;5.98;1.44;0.76;0.59;0.52;0.57;0.74;1.36;5.99;1.44;0.76;0.57;0.53;0.57,tick=127736 goal=0 lap=0 last=0.0 best=0.0
9.89,31,97.0,0.06,0.00,18,62.99999999999999,FWD,0.72;1.30;6.00;1.41;0.78;0.59;0.55;0.57;0.77;1.42;5.99;1.38;0.72;0.54;0.51;0.56,tick=127769 goal=0 lap=0 last=0.0 best=0.0
10.21,32,103.8,0.09,0.11,18,62.99999999999999,FWD,0.71;1.41;5.99;1.32;0.76;0.58;0.57;0.63;0.86;1.66;6.00;1.15;0.67;0.52;0.49;0.54,tick=127801 goal=0 lap=0 last=0.0 best=0.0
10.53,33,107.2,0.13,0.14,18,62.99999999999999,FWD,0.74;1.70;4.45;1.23;0.76;0.64;0.62;0.71;1.01;2.42;3.37;0.87;0.55;0.46;0.45;0.50,tick=127833 goal=0 lap=0 last=0.0 best=0.0
10.85,34,114.3,0.17,0.23,18,-100,FWD,0.76;2.75;2.60;1.11;0.76;0.66;0.69;0.85;1.32;5.02;1.54;0.64;0.44;0.39;0.38;0.47,tick=127865 goal=0 lap=0 last=0.0 best=0.0
11.17,35,113.2,0.19,-0.40,18,-100,FWD,0.63;2.31;2.82;1.17;0.82;0.73;0.72;0.92;1.44;5.35;1.34;0.55;0.39;0.34;0.33;0.42,tick=127897 goal=0 lap=0 last=0.0 best=0.0
11.49,36,97.9,0.21,-0.43,-45,-62.99999999999999,REV,0.36;0.63;5.99;2.12;1.13;0.85;0.80;0.86;1.11;2.07;6.00;0.67;0.35;0.29;0.26;0.29,tick=127929 goal=0 lap=0 last=0.0 best=0.0
11.81,37,85.8,0.09,-0.09,-45,-94.5,REV,0.18;0.26;0.72;4.95;1.63;1.07;0.92;0.90;1.06;1.56;4.26;0.90;0.28;0.19;0.15;0.14,tick=127961 goal=0 lap=0 last=0.0 best=0.0
12.13,38,86.2,-0.07,0.18,-45,-94.5,REV,0.14;0.24;0.59;5.61;1.72;1.12;0.92;0.92;1.07;1.55;4.00;0.89;0.28;0.16;0.14;0.14,tick=127993 goal=0 lap=0 last=0.0 best=0.0
12.45,39,94.8,-0.14,0.29,-45,100,REV,0.26;0.43;2.20;2.77;1.32;0.94;0.84;0.89;1.10;1.86;6.00;0.68;0.30;0.24;0.18;0.23,tick=128025 goal=0 lap=0 last=0.0 best=0.0
12.77,40,97.8,-0.17,-0.31,-45,-62.99999999999999,REV,0.39;0.63;6.00;2.20;1.14;0.85;0.77;0.85;1.07;1.90;5.99;0.80;0.39;0.32;0.27;0.29,tick=128057 goal=0 lap=0 last=0.0 best=0.0
13.09,41,97.1,-0.14,0.21,18,-100,FWD,0.44;0.70;2.95;2.50;1.13;0.80;0.70;0.72;0.91;1.46;5.99;1.28;0.56;0.40;0.36;0.38,tick=128089 goal=0 lap=0 last=0.0 best=0.0
13.41,42,0.0,-0.10,0.20,18,62.99999999999999,FWD,0.59;1.13;5.99;1.55;0.87;0.69;0.65;0.71;0.94;1.78;6.00;1.02;0.55;0.42;0.41;0.44,tick=128121 goal=0 lap=0 last=0.0 best=0.0
13.73,43,98.8,-0.00,0.01,18,62.99999999999999,FWD,0.65;1.39;6.00;1.34;0.80;0.64;0.62;0.69;0.94;2.00;5.93;0.97;0.56;0.46;0.42;0.49,tick=128153 goal=0 lap=0 last=0.0 best=0.0
14.06,44,103.4,0.05,0.08,18,62.99999999999999,FWD,0.67;1.42;5.99;1.32;0.81;0.64;0.62;0.69;0.94;2.07;5.32;0.94;0.57;0.46;0.42;0.48,tick=128185 goal=0 lap=0 last=0.0 best=0.0
14.38,45,106.6,0.09,0.06,18,62.99999999999999,FWD,0.67;1.60;4.53;1.27;0.81;0.66;0.65;0.75;1.06;2.62;3.02;0.81;0.51;0.42;0.41;0.45,tick=128217 goal=0 lap=0 last=0.0 best=0.0
14.70,46,110.6,0.15,0.20,18,-100,FWD,0.69;2.19;2.96;1.19;0.81;0.68;0.71;0.85;1.29;4.27;1.64;0.62;0.44;0.39;0.38;0.45,tick=128249 goal=0 lap=0 last=0.0 best=0.0
15.02,47,110.0,0.17,-0.36,18,62.99999999999999,FWD,0.59;1.84;3.25;1.26;0.87;0.75;0.73;0.92;1.37;4.47;1.45;0.54;0.36;0.33;0.30;0.40,tick=128281 goal=0 lap=0 last=0.0 best=0.0
15.34,48,108.8,0.20,0.24,-45,-62.99999999999999,REV,0.41;0.98;5.71;1.58;0.99;0.83;0.81;0.91;1.34;3.19;1.89;0.48;0.31;0.26;0.24;0.28,tick=128313 goal=0 lap=0 last=0.0 best=0.0
15.66,49,108.5,0.08,-0.12,-45,-62.99999999999999,REV,0.32;0.89;4.60;1.58;1.04;0.86;0.86;1.03;1.54;4.21;1.02;0.35;0.23;0.19;0.18;0.21,tick=128346 goal=0 lap=0 last=0.0 best=0.0
15.98,50,107.1,-0.08,0.12,-45,31.499999999999996,REV,0.31;0.84;4.89;1.60;1.04;0.91;0.88;1.03;1.50;4.05;1.07;0.35;0.23;0.18;0.17;-1.00,tick=128378 goal=0 lap=0 last=0.0 best=0.0
16.30,51,110.0,-0.15,-0.06,-45,-62.99999999999999,REV,0.41;1.17;4.02;1.46;0.98;0.84;0.82;0.98;1.49;4.40;1.19;0.43;0.28;0.25;0.25;0.28,tick=128410 goal=0 lap=0 last=0.0 best=0.0
16.62,52,110.2,-0.15,0.14,-45,-62.99999999999999,REV,0.52;1.59;3.48;1.31;0.91;0.77;0.77;0.93;1.44;4.53;1.30;0.51;0.34;0.29;0.30;0.34,tick=128442 goal=0 lap=0 last=0.0 best=0.0
16.94,53,117.3,-0.15,0.16,18,31.499999999999996,FWD,0.76;5.59;2.14;1.07;0.79;0.75;0.77;0.96;1.68;5.99;1.00;0.49;0.37;0.32;0.34;0.44,tick=128474 goal=0 lap=0 last=0.0 best=0.0
17.26,54,121.1,-0.09,-0.07,18,31.499999999999996,FWD,0.94;6.00;1.78;0.97;0.75;0.68;0.74;0.97;1.83;5.99;0.97;0.51;0.39;0.36;0.39;0.51,tick=128506 goal=0 lap=0 last=0.0 best=0.0
17.58,55,116.5,-0.03,-0.01,18,31.499999999999996,FWD,0.93;6.00;1.89;0.98;0.73;0.68;0.70;0.92;1.63;6.00;1.08;0.55;0.40;0.38;0.39;0.52,tick=128538 goal=0 lap=0 last=0.0 best=0.0
17.90,56,118.5,0.04,0.03,18,31.499999999999996,FWD,0.91;6.00;1.86;0.97;0.73;0.70;0.73;0.93;1.67;6.00;1.06;0.55;0.42;0.37;0.43;0.53,tick=128570 goal=0 lap=0 last=0.0 best=0.0
18.22,57,119.3,0.11,0.05,18,31.499999999999996,FWD,0.94;5.99;1.79;0.97;0.74;0.69;0.74;0.98;1.80;5.99;0.94;0.51;0.38;0.35;0.38;0.51,
18.54,58,124.4,0.15,0.07,18,31.499999999999996,FWD,0.97;6.00;1.69;0.97;0.75;0.72;0.79;1.06;2.12;6.00;0.83;0.45;0.37;0.33;0.38;0.48,tick=128634 goal=0 lap=0 last=0.0 best=0.0
18.86,59,126.5,0.15,0.12,18,31.499999999999996,FWD,1.05;6.00;1.56;0.95;0.77;0.75;0.85;1.20;2.64;3.06;0.65;0.40;0.32;0.33;0.34;0.48,tick=128666 goal=0 lap=0 last=0.0 best=0.0
19.18,60,132.0,0.20,0.12,18,31.499999999999996,FWD,1.24;4.40;1.43;0.93;0.79;0.80;0.92;1.36;3.61;1.65;0.53;0.32;0.29;0.30;0.33;0.48,tick=128698 goal=0 lap=0 last=0.0 best=0.0
19.50,61,137.1,0.20,0.14,18,31.499999999999996,FWD,1.74;3.12;1.33;0.94;0.82;0.81;0.99;1.57;5.86;1.04;0.41;0.30;0.26;0.26;0.32;0.49,tick=128730 goal=0 lap=0 last=0.0 best=0.0
19.82,62,141.0,0.23,0.13,18,33.84,FWD,4.10;2.39;1.21;0.90;0.81;0.85;1.08;1.90;6.00;0.70;0.36;0.27;0.24;0.25;0.32;0.55,tick=128762 goal=0 lap=0 last=0.0 best=0.0
20.15,63,145.3,0.23,0.12,18,34.02,FWD,5.99;1.90;1.08;0.86;0.81;0.88;1.19;2.37;5.99;0.57;-1.00;0.25;0.24;0.25;0.35;0.67,tick=128794 goal=0 lap=0 last=0.0 best=0.0
20.47,64,153.9,0.26,0.14,28,32.1,FWD,5.28;1.54;0.97;0.82;0.79;0.93;1.35;3.31;1.76;0.49;0.31;0.26;0.26;0.29;0.42;1.03,tick=128826 goal=0 lap=0 last=0.0 best=0.0
20.79,65,159.0,0.28,0.17,38,29.220000000000002,FWD,2.93;1.25;0.87;0.77;0.79;0.97;1.50;5.76;1.14;0.47;0.33;0.29;0.31;0.35;0.54;2.03,tick=128858 goal=0 lap=0 last=0.0 best=0.0
21.11,66,163.8,0.33,0.20,28,-31.499999999999996,FWD,1.88;0.99;0.75;0.69;0.74;0.97;1.74;5.98;0.94;0.49;0.38;0.35;0.37;0.49;0.84;6.00,tick=128890 goal=0 lap=0 last=0.0 best=0.0
21.43,67,167.0,0.38,0.00,28,-31.499999999999996,FWD,1.64;0.86;0.65;0.62;-1.00;0.84;1.51;5.99;1.21;0.62;0.47;0.45;0.45;0.59;1.07;6.00,tick=128922 goal=0 lap=0 last=0.0 best=0.0
21.75,68,159.0,0.39,-0.30,28,-30.119999999999994,FWD,2.37;0.91;0.63;0.54;0.55;0.65;1.01;3.21;2.33;0.86;0.60;0.50;0.53;0.63;0.93;2.88,tick=128955 goal=0 lap=0 last=0.0 best=0.0
22.07,69,147.5,0.39,-0.26,28,-1.5600000000000014,FWD,6.00;1.11;0.65;0.52;0.51;0.55;0.76;1.58;6.00;1.23;-1.00;0.57;0.54;0.60;0.81;1.67,tick=128987 goal=0 lap=0 last=0.0 best=0.0
22.39,70,146.5,0.41,-0.03,38,-5.039999999999997,FWD,5.99;1.32;0.71;0.54;0.48;0.51;0.69;1.25;5.99;1.48;0.78;0.58;0.57;0.60;0.73;1.34,tick=129019 goal=0 lap=0 last=0.0 best=0.0
22.71,71,144.1,0.45,-0.03,38,-2.6400000000000023,FWD,6.00;1.40;0.72;0.56;0.49;0.52;0.70;1.22;5.99;1.52;0.76;0.59;0.54;0.57;0.72;1.30,tick=129051 goal=0 lap=0 last=0.0 best=0.0
23.03,72,141.5,0.47,-0.05,38,-0.9600000000000009,FWD,6.00;1.49;0.78;0.56;0.51;0.56;0.70;1.19;6.00;1.55;0.76;0.59;0.53;0.55;0.69;1.21,tick=129083 goal=0 lap=0 last=0.0 best=0.0
23.35,73,138.1,0.50,0.00,28,3.240000000000003,FWD,6.00;1.57;0.79;0.56;0.53;0.55;0.72;1.23;6.00;1.53;0.75;0.55;0.48;0.52;0.66;1.13,tick=129115 goal=0 lap=0 last=0.0 best=0.0
23.67,74,137.8,0.50,0.06,28,3.9000000000000035,FWD,6.00;1.58;0.80;0.59;0.54;0.57;0.74;1.29;6.00;1.43;0.71;0.53;0.47;0.50;0.65;1.11,tick=129147 goal=0 lap=0 last=0.0 best=0.0
23.99,75,145.5,0.50,0.02,28,4.6200000000000045,FWD,6.00;1.53;0.79;0.62;0.55;0.61;0.75;1.35;6.00;1.34;0.67;0.52;0.48;0.50;0.64;1.12,tick=129179 goal=0 lap=0 last=0.0 best=0.0
24.31,76,140.9,0.48,0.03,28,6.479999999999996,FWD,6.00;1.46;0.79;0.60;0.57;0.61;0.79;1.44;6.00;1.25;0.66;0.49;0.46;0.48;0.64;1.17,tick=129211 goal=0 lap=0 last=0.0 best=0.0
24.63,77,146.8,0.47,0.06,38,5.579999999999998,FWD,6.00;1.36;0.77;0.58;0.57;0.61;0.80;1.55;5.99;1.16;0.63;0.50;0.48;0.49;0.68;1.26,tick=129243 goal=0 lap=0 last=0.0 best=0.0
24.95,78,147.6,0.50,0.06,38,4.080000000000004,FWD,6.00;1.24;0.71;0.56;0.55;0.59;0.81;1.67;5.99;1.10;0.62;0.50;0.48;0.52;0.71;1.41,tick=129275 goal=0 lap=0 last=0.0 best=0.0
25.28,79,148.8,0.52,0.04,28,0.6000000000000005,FWD,5.70;1.10;0.68;0.54;0.51;0.59;0.82;1.73;5.94;1.08;0.66;0.52;0.50;0.57;0.78;1.63,tick=129307 goal=0 lap=0 last=0.0 best=0.0
25.60,80,151.3,0.52,0.06,28,-1.3800000000000012,FWD,5.21;1.01;0.62;0.50;0.49;0.55;0.76;1.69;5.45;1.10;0.67;0.56;0.51;0.59;0.84;1.80,tick=129339 goal=0 lap=0 last=0.0 best=0.0
25.92,81,148.0,0.53,0.01,28,-6.480000000000002,FWD,4.93;0.95;0.57;0.48;0.45;0.51;0.69;1.55;5.96;1.18;0.72;0.57;0.56;0.62;0.88;1.88,tick=129371 goal=0 lap=0 last=0.0 best=0.0
26.24,82,148.4,0.48,-0.07,28,-10.379999999999999,FWD,4.82;0.90;0.54;0.43;0.42;0.47;0.65;1.37;5.99;1.31;0.77;0.61;0.59;0.64;0.91;1.88,tick=129403 goal=0 lap=0 last=0.0 best=0.0
26.56,83,143.1,0.48,-0.08,28,-11.64,FWD,4.86;0.97;0.55;0.44;0.41;0.43;0.57;1.10;-1.00;1.52;0.83;0.63;0.60;0.65;0.87;1.68,tick=129436 goal=0 lap=0 last=0.0 best=0.0
26.88,84,142.4,0.48,-0.12,28,0.0,FWD,4.79;1.13;0.58;0.44;-1.00;0.44;0.56;0.96;5.97;1.78;0.88;0.63;0.60;0.62;0.80;1.41,tick=129468 goal=0 lap=0 last=0.0 best=0.0
27.20,85,140.1,0.49,0.04,38,-9.54,FWD,4.58;1.30;0.64;0.47;0.41;0.45;0.55;0.94;5.82;1.88;0.89;0.65;0.57;0.61;0.75;1.28,tick=129500 goal=0 lap=0 last=0.0 best=0.0
27.52,86,136.1,0.50,-0.05,28,-5.820000000000002,FWD,4.31;1.51;0.67;0.52;0.45;0.45;0.56;0.94;4.46;1.95;0.88;0.64;0.54;0.57;0.72;1.16,tick=129532 goal=0 lap=0 last=0.0 best=0.0
27.84,87,131.7,0.48,-0.06,28,-2.8800000000000026,FWD,4.04;1.94;0.78;0.55;0.47;0.51;0.62;0.96;3.38;2.10;0.86;0.59;0.52;0.53;0.64;1.01,tick=129564 goal=0 lap=0 last=0.0 best=0.0
28.16,88,135.1,0.50,0.02,28,3.360000000000003,FWD,3.77;2.71;0.91;0.62;0.53;0.54;0.64;1.00;3.22;2.10;0.78;0.53;0.47;0.47;0.57;0.86,tick=129596 goal=0 lap=0 last=0.0 best=0.0
28.48,89,135.7,0.49,0.02,28,11.159999999999997,FWD,3.48;2.61;1.00;0.67;0.58;0.59;0.73;1.11;3.60;1.81;0.69;0.47;0.40;0.43;0.48;0.80,tick=129628 goal=0 lap=0 last=0.0 best=0.0
28.80,90,134.0,0.47,0.15,28,16.32,FWD,3.09;2.33;1.01;0.72;0.63;0.66;0.78;1.29;5.24;1.35;0.58;0.42;0.36;0.36;0.48;0.75,tick=129660 goal=0 lap=0 last=0.0 best=0.0
29.12,91,143.1,0.47,0.13,28,17.7,FWD,2.71;1.99;0.95;0.71;0.64;0.67;0.88;1.55;6.00;0.96;0.50;0.38;0.34;0.38;0.47;0.90,tick=129692 goal=0 lap=0 last=0.0 best=0.0
29.44,92,146.3,0.47,0.21,38,-14.519999999999996,FWD,2.29;1.63;0.89;0.69;0.65;0.71;0.97;2.00;6.00;0.76;0.46;0.38;0.36;0.42;0.56;2.66,tick=129724 goal=0 lap=0 last=0.0 best=0.0
29.76,93,148.0,0.00,-0.12,38,-100,FWD,1.95;1.44;0.87;0.65;0.61;0.69;0.94;1.99;5.55;0.81;0.49;0.42;0.38;0.45;0.64;2.32,tick=129756 goal=0 lap=0 last=0.0 best=0.0
30.09,94,128.3,0.00,-1.04,38,100,FWD,1.97;1.61;1.23;0.88;-1.00;0.64;0.72;1.02;2.42;2.81;0.74;0.48;0.40;0.39;0.47;2.29,tick=129788 goal=0 lap=0 last=0.0 best=0.0
30.41,95,116.5,0.52,1.07,38,-100,FWD,1.80;1.55;1.36;1.16;1.00;0.84;0.85;1.04;1.71;6.00;0.72;0.37;0.27;0.27;0.31;2.23,tick=129820 goal=0 lap=0 last=0.0 best=0.0
30.73,96,125.6,0.56,-1.14,28,-94.5,FWD,1.31;1.17;1.06;0.98;0.98;0.93;1.03;1.43;3.44;1.07;0.39;0.31;0.35;3.08;2.03;1.53,tick=129852 goal=0 lap=0 last=0.0 best=0.0
31.05,97,84.3,0.54,-1.02,28,-100,FWD,1.46;1.13;1.00;0.95;0.95;1.00;1.08;1.19;1.35;2.00;6.00;0.42;0.43;0.53;0.99;2.25,tick=129884 goal=0 lap=0 last=0.0 best=0.0
31.37,98,46.8,0.53,-1.04,18,27.96,FWD,2.90;1.64;1.15;0.94;0.89;0.92;1.04;1.22;1.38;1.55;1.88;0.57;0.42;0.41;0.43;0.65,tick=129916 goal=0 lap=0 last=0.0 best=0.0
31.69,99,29.4,0.48,0.26,-45,-31.499999999999996,REV,0.40;2.48;1.52;1.15;0.98;0.96;1.09;1.29;1.55;1.77;1.88;0.41;0.28;0.23;0.23;0.26,tick=129949 goal=0 lap=0 last=0.0 best=0.0
32.01,100,37.2,0.01,-0.01,-45,-31.499999999999996,REV,0.18;2.21;1.43;1.12;1.01;1.03;1.18;1.49;1.82;2.03;0.46;0.16;0.10;0.10;0.10;0.12,tick=129981 goal=0 lap=0 last=0.0 best=0.0
32.33,101,36.3,-0.14,0.09,-45,-31.499999999999996,REV,0.25;2.15;1.42;1.11;0.99;1.02;1.17;1.48;1.83;2.00;0.53;0.19;0.14;0.11;0.11;0.14,tick=130013 goal=0 lap=0 last=0.0 best=0.0
32.65,102,36.9,-0.16,0.08,-45,-31.499999999999996,REV,0.38;2.01;1.36;1.06;0.98;1.01;1.19;1.50;1.79;1.90;0.56;0.26;0.18;0.17;0.19;0.20,tick=130045 goal=0 lap=0 last=0.0 best=0.0
32.97,103,37.8,-0.13,0.10,-45,-31.499999999999996,REV,0.54;1.90;1.30;1.05;0.98;1.03;1.21;1.44;1.70;1.82;2.06;0.30;0.24;0.21;0.20;0.29,tick=130077 goal=0 lap=0 last=0.0 best=0.0
33.29,104,44.8,-0.15,0.09,-45,-72.96,REV,3.56;-1.00;1.26;1.05;0.95;1.03;1.16;1.39;1.63;1.74;2.01;0.34;0.26;0.24;0.27;0.35,tick=130109 goal=0 lap=0 last=0.0 best=0.0
33.61,105,52.8,-0.15,0.23,18,41.1,FWD,2.88;1.68;1.22;1.00;0.98;1.08;1.19;1.38;1.56;1.68;2.07;0.35;0.30;0.30;0.32;0.43,tick=130141 goal=0 lap=0 last=0.0 best=0.0
33.93,106,56.7,-0.09,0.00,18,-100,FWD,2.69;1.63;1.19;1.01;0.98;1.03;1.20;1.36;1.49;1.60;-1.00;0.37;0.30;0.30;0.34;0.51,tick=130173 goal=0 lap=0 last=0.0 best=0.0
34.25,107,54.0,-0.01,0.02,18,40.31999999999999,FWD,2.76;1.67;1.21;1.03;0.97;1.04;1.15;1.32;1.46;1.59;1.97;0.38;0.30;0.29;0.35;0.53,tick=130205 goal=0 lap=0 last=0.0 best=0.0
34.57,108,50.9,0.04,0.05,18,40.74,FWD,2.69;1.65;1.20;1.00;0.99;1.03;1.16;1.33;1.45;1.59;2.01;0.39;0.31;0.30;0.35;0.51,tick=130237 goal=0 lap=0 last=0.0 best=0.0
34.89,109,56.7,0.10,0.05,18,40.260000000000005,FWD,2.53;1.57;1.14;0.99;0.96;1.05;1.17;1.39;1.52;1.66;2.16;0.36;0.29;0.29;0.34;0.52,tick=130269 goal=0 lap=0 last=0.0 best=0.0
35.22,110,61.6,0.14,0.11,18,41.580000000000005,FWD,2.26;1.47;1.10;0.97;0.98;1.09;1.25;1.49;1.62;1.77;0.47;0.33;0.29;0.29;0.35;0.58,tick=130301 goal=0 lap=0 last=0.0 best=0.0
35.54,111,61.9,0.16,0.16,28,0.0,FWD,1.94;1.30;1.04;0.95;0.97;1.11;1.33;1.57;1.72;1.93;0.41;0.31;0.28;0.30;0.38;0.73,tick=130333 goal=0 lap=0 last=0.0 best=0.0
35.86,112,65.4,0.22,0.04,28,-31.499999999999996,FWD,1.70;1.19;0.96;0.91;0.97;1.14;1.39;1.70;1.84;2.12;0.40;0.30;0.28;0.28;0.39;3.51,tick=130365 goal=0 lap=0 last=0.0 best=0.0
36.18,113,62.9,0.24,-0.19,28,-31.499999999999996,FWD,1.65;1.14;0.92;0.86;0.89;1.08;1.41;1.79;1.99;2.23;0.40;0.29;0.26;0.28;0.38;3.73,tick=130397 goal=0 lap=0 last=0.0 best=0.0
36.50,114,58.9,0.30,-0.17,28,-31.499999999999996,FWD,1.74;1.12;0.88;0.80;0.83;0.96;1.32;1.78;2.14;2.31;0.40;0.29;0.26;0.27;0.36;5.65,tick=130429 goal=0 lap=0 last=0.0 best=0.0
36.82,115,47.2,0.34,-0.21,28,-31.499999999999996,FWD,1.96;1.11;0.85;0.73;0.75;0.86;1.18;1.76;2.22;2.42;0.42;0.26;0.21;0.25;0.33;6.00,tick=130462 goal=0 lap=0 last=0.0 best=0.0
37.14,116,40.5,0.36,-0.25,38,100,FWD,2.54;1.22;0.84;0.72;0.71;0.80;-1.00;1.63;2.31;2.60;0.39;0.26;0.22;0.23;0.33;1.85,tick=130494 goal=0 lap=0 last=0.0 best=0.0
37.46,117,48.0,0.37,0.78,28,-31.499999999999996,FWD,1.73;0.95;0.74;0.67;0.70;0.84;1.20;2.01;2.68;0.51;0.25;0.21;0.22;0.29;0.55;6.00,tick=130526 goal=0 lap=0 last=0.0 best=0.0
37.78,118,61.9,0.42,-0.27,18,-62.99999999999999,FWD,0.88;0.61;0.54;0.54;0.63;0.88;1.58;2.69;3.07;0.46;0.37;0.38;0.46;0.76;3.05;1.98,tick=130558 goal=0 lap=0 last=0.0 best=0.0
38.10,119,0.0,0.39,-0.48,18,-31.499999999999996,FWD,0.95;0.56;0.43;0.41;0.44;0.55;0.90;2.00;3.17;0.73;0.53;0.49;0.54;0.75;1.46;5.99,tick=130590 goal=0 lap=0 last=0.0 best=0.0
38.42,120,31.2,0.39,-0.21,18,-31.499999999999996,FWD,1.85;0.59;0.39;0.33;0.33;0.38;0.56;1.14;2.83;3.57;0.67;0.58;0.62;0.68;1.05;2.72,tick=130622 goal=0 lap=0 last=0.0 best=0.0
38.74,121,25.6,0.36,-0.25,28,-18.0,FWD,6.00;0.74;0.42;0.32;0.32;0.33;0.44;0.83;2.33;3.69;0.81;0.64;0.61;0.66;0.90;1.71,tick=130654 goal=0 lap=0 last=0.0 best=0.0
39.06,122,18.9,0.36,-0.15,28,-17.4,FWD,6.00;1.02;0.48;-1.00;0.30;0.34;0.40;0.69;1.89;3.78;0.90;0.67;0.59;0.63;0.80;1.32,tick=130686 goal=0 lap=0 last=0.0 best=0.0
39.38,123,14.2,0.39,-0.14,28,-13.979999999999999,FWD,3.23;1.56;0.57;0.39;0.36;0.35;0.41;0.63;1.69;3.81;0.93;0.68;0.59;0.59;0.71;1.09,tick=130718 goal=0 lap=0 last=0.0 best=0.0
39.70,124,8.2,0.40,-0.12,28,21.839999999999996,FWD,2.11;2.86;0.77;0.49;0.39;0.39;0.45;0.66;1.58;3.91;1.02;0.66;0.55;0.52;0.63;0.89,tick=130750 goal=0 lap=0 last=0.0 best=0.0
40.03,125,11.9,0.40,0.17,28,100,FWD,1.97;2.97;0.88;0.56;0.45;-1.00;0.51;0.80;1.95;4.28;0.87;0.58;0.48;0.46;0.53;0.80,tick=130782 goal=0 lap=0 last=0.0 best=0.0
40.35,126,30.2,0.42,0.83,28,3.54,FWD,6.00;1.09;0.64;0.52;0.49;0.54;0.74;1.60;4.26;0.94;0.55;0.44;0.43;0.48;0.66;1.33,tick=130814 goal=0 lap=0 last=0.0 best=0.0
40.67,127,42.3,0.43,0.05,18,-31.499999999999996,FWD,1.10;0.58;0.46;0.42;0.44;0.59;1.08;3.94;1.32;0.72;0.54;0.52;0.53;0.70;1.29;6.00,tick=130846 goal=0 lap=0 last=0.0 best=0.0
40.99,128,0.0,0.41,-0.26,18,-31.499999999999996,FWD,1.02;0.47;0.35;0.32;0.34;0.41;0.69;3.18;1.87;0.93;0.68;0.62;0.65;0.79;1.32;6.00,tick=130878 goal=0 lap=0 last=0.0 best=0.0
41.31,129,36.7,0.39,-0.22,18,-31.499999999999996,FWD,1.67;0.47;0.32;0.25;0.27;0.30;0.44;1.06;5.30;1.26;0.82;0.69;0.68;0.78;1.14;2.76,tick=130910 goal=0 lap=0 last=0.0 best=0.0
41.63,130,23.0,0.38,-0.24,18,-27.540000000000006,FWD,5.97;0.61;0.34;0.26;0.23;0.24;0.31;0.60;4.28;1.80;0.98;0.73;0.69;0.73;0.96;1.76,tick=130943 goal=0 lap=0 last=0.0 best=0.0
41.95,131,19.7,0.34,-0.16,28,-25.980000000000004,FWD,4.83;1.02;0.42;0.30;0.25;0.26;0.30;0.49;1.91;2.52;1.09;0.77;0.68;0.69;0.83;1.30,tick=130975 goal=0 lap=0 last=0.0 best=0.0
42.27,132,9.6,0.37,-0.17,28,-100,FWD,2.46;2.17;0.58;0.37;0.31;0.30;0.33;0.47;1.18;5.99;1.23;0.78;0.64;0.61;0.73;1.01,tick=131007 goal=0 lap=0 last=0.0 best=0.0
42.59,133,352.3,0.37,-0.77,18,31.499999999999996,FWD,1.04;3.70;1.56;0.64;0.43;0.39;0.39;0.47;0.74;2.74;2.18;0.89;0.63;0.53;0.57;0.67,tick=131039 goal=0 lap=0 last=0.0 best=0.0
42.91,134,340.1,0.36,0.24,18,62.99999999999999,FWD,0.52;0.99;6.00;1.38;0.75;0.58;0.54;0.60;0.76;1.44;5.93;0.95;0.54;0.41;0.36;0.37,tick=131071 goal=0 lap=0 last=0.0 best=0.0
43.23,135,353.1,0.37,0.43,-45,-100,REV,0.42;1.31;3.11;1.18;0.80;0.71;-1.00;0.85;1.31;4.23;1.01;0.38;0.27;0.22;0.25;0.27,tick=131103 goal=0 lap=0 last=0.0 best=0.0
43.55,136,349.8,0.22,-0.39,-45,100,REV,0.27;1.02;2.98;1.28;0.92;0.78;0.82;1.01;1.60;5.22;0.50;0.24;0.15;0.13;0.13;0.16,tick=131135 goal=0 lap=0 last=0.0 best=0.0
43.87,137,345.1,-0.04,0.00,-45,-62.99999999999999,REV,0.16;0.35;5.99;1.63;1.04;0.87;0.82;0.95;1.35;3.28;0.70;0.19;0.12;0.11;0.09;0.10,tick=131167 goal=0 lap=0 last=0.0 best=0.0
44.19,138,348.1,-0.15,0.24,-45,-62.99999999999999,REV,0.21;0.47;5.99;1.62;1.00;0.82;0.79;0.90;-1.00;2.86;1.19;0.27;0.17;0.14;0.14;0.16,tick=131199 goal=0 lap=0 last=0.0 best=0.0
44.51,139,354.5,-0.13,0.20,-45,-62.99999999999999,REV,0.35;1.18;3.17;1.24;0.87;0.73;0.73;0.90;1.40;4.54;0.83;0.32;0.20;0.19;0.19;0.23,tick=131231 goal=0 lap=0 last=0.0 best=0.0
44.83,140,0.4,-0.15,0.21,-45,-31.499999999999996,REV,0.56;5.81;2.00;1.03;0.76;0.69;0.74;0.93;1.62;5.90;0.68;0.35;0.25;0.25;0.24;0.31,tick=131263 goal=0 lap=0 last=0.0 best=0.0
45.16,141,8.3,-0.14,0.10,18,31.499999999999996,FWD,0.79;6.00;1.52;0.88;0.69;0.65;0.71;0.96;1.92;6.00;0.62;0.36;0.28;0.27;0.29;0.39,tick=131295 goal=0 lap=0 last=0.0 best=0.0
45.48,142,4.2,-0.09,-0.04,18,31.499999999999996,FWD,0.90;6.00;1.43;0.83;0.64;0.63;0.67;0.94;1.91;6.00;0.70;0.39;0.32;0.29;0.34;0.45,tick=131327 goal=0 lap=0 last=0.0 best=0.0
45.80,143,4.0,-0.02,-0.00,18,31.499999999999996,FWD,0.89;6.00;1.46;0.83;0.66;0.60;0.65;0.90;1.72;6.00;0.75;0.41;0.33;0.31;0.34;0.44,tick=131359 goal=0 lap=0 last=0.0 best=0.0
46.12,144,6.9,0.07,0.03,18,31.499999999999996,FWD,0.88;5.99;1.44;-1.00;0.64;0.62;0.67;0.88;1.75;5.98;0.72;0.41;0.34;0.30;0.35;0.44,tick=131391 goal=0 lap=0 last=0.0 best=0.0
46.44,145,7.9,0.10,0.06,18,31.499999999999996,FWD,0.93;5.99;-1.00;0.82;0.65;0.63;0.70;0.95;1.94;3.64;0.66;0.42;0.31;0.30;0.30;0.44,tick=131423 goal=0 lap=0 last=0.0 best=0.0
46.76,146,8.9,0.15,0.12,18,31.499999999999996,FWD,0.98;5.67;1.33;0.82;0.68;0.64;0.73;1.03;2.35;2.36;0.56;0.35;0.30;0.27;0.30;0.44,tick=131456 goal=0 lap=0 last=0.0 best=0.0
47.08,147,10.6,0.15,0.08,18,31.499999999999996,FWD,1.12;3.90;1.23;0.81;0.69;0.69;0.80;1.16;3.13;1.47;0.46;0.30;0.26;0.24;0.29;0.44,tick=131488 goal=0 lap=0 last=0.0 best=0.0
47.40,148,18.5,0.19,0.14,18,31.499999999999996,FWD,1.50;2.87;1.16;0.81;0.69;0.69;0.86;1.33;4.59;0.97;0.37;0.27;0.20;0.24;0.28;0.44,tick=131520 goal=0 lap=0 last=0.0 best=0.0
47.72,149,22.4,0.21,0.00,18,29.16,FWD,3.02;2.21;1.09;0.79;0.70;0.74;0.94;1.57;5.83;0.66;0.34;0.25;0.22;0.23;0.28;0.48,tick=131552 goal=0 lap=0 last=0.0 best=0.0
48.04,150,23.8,0.23,0.13,18,30.78,FWD,6.00;1.79;0.98;0.76;0.72;0.76;1.02;1.91;6.00;0.53;0.28;0.24;0.20;-1.00;0.30;0.56,tick=131584 goal=0 lap=0 last=0.0 best=0.0
48.36,151,34.5,0.24,0.14,28,29.4,FWD,6.00;1.48;0.92;0.75;0.71;0.80;1.10;2.45;2.13;0.46;0.28;0.22;0.22;0.25;0.33;0.73,tick=131616 goal=0 lap=0 last=0.0 best=0.0
48.68,152,35.9,0.26,0.18,28,26.340000000000003,FWD,3.43;1.19;0.81;0.68;0.69;0.81;1.23;3.52;1.22;0.42;0.29;0.26;0.25;0.28;0.43;1.25,tick=131648 goal=0 lap=0 last=0.0 best=0.0
49.00,153,44.7,0.32,0.18,28,-10.739999999999995,FWD,2.14;0.96;0.70;0.62;0.65;0.82;1.34;5.81;0.98;0.46;0.33;0.29;0.30;0.36;0.61;3.04,tick=131680 goal=0 lap=0 last=0.0 best=0.0
49.32,154,44.6,0.35,-0.06,28,-31.499999999999996,FWD,1.73;0.85;0.65;0.55;0.58;0.74;1.28;6.00;1.10;0.53;0.40;0.37;0.36;0.47;0.82;6.00,tick=131712 goal=0 lap=0 last=0.0 best=0.0
49.64,155,35.9,0.37,-0.19,28,-100,FWD,2.07;0.84;0.57;0.48;0.50;0.61;0.96;3.28;1.75;0.71;0.48;-1.00;0.44;0.50;0.81;2.75,tick=131744 goal=0 lap=0 last=0.0 best=0.0
49.96,156,18.6,0.36,0.00,28,0.2400000000000002,FWD,6.00;1.42;0.71;0.52;0.46;0.50;0.64;1.06;6.00;1.37;0.68;0.50;0.46;0.47;0.60;1.02,tick=131776 goal=0 lap=0 last=0.0 best=0.0
50.29,157,5.0,0.40,-0.00,18,31.499999999999996,FWD,1.14;6.00;1.25;0.71;0.55;0.53;0.58;0.80;1.57;6.00;0.91;0.51;0.40;0.38;0.42;0.57,tick=131808 goal=0 lap=0 last=0.0 best=0.0
50.61,158,8.5,0.39,0.26,18,31.499999999999996,FWD,1.13;4.88;1.24;0.80;-1.00;0.62;0.69;1.00;2.28;2.49;0.61;0.39;0.32;0.31;0.35;0.49,tick=131840 goal=0 lap=0 last=0.0 best=0.0
50.93,159,15.9,0.36,0.25,18,-100,FWD,2.17;2.42;1.06;0.75;0.68;0.68;0.83;1.35;5.73;0.96;0.41;-1.00;0.26;0.25;0.34;0.51,tick=131872 goal=0 lap=0 last=0.0 best=0.0
51.25,160,15.0,0.36,-0.72,18,31.499999999999996,FWD,1.08;3.84;1.25;0.84;0.69;0.68;0.82;1.17;3.17;1.35;0.44;0.28;0.25;0.24;0.27;0.40,tick=131904 goal=0 lap=0 last=0.0 best=0.0
51.57,161,3.2,0.33,0.24,-45,-31.499999999999996,REV,0.35;3.65;2.24;1.14;0.84;0.76;0.81;1.04;1.84;6.00;0.43;0.23;0.17;0.15;0.16;0.19,tick=131936 goal=0 lap=0 last=0.0 best=0.0
51.89,162,1.8,-0.02,-0.00,-45,-31.499999999999996,REV,0.22;6.00;2.12;1.15;0.89;0.81;0.90;1.15;2.17;6.00;0.22;0.11;0.10;0.10;0.10;0.13,tick=131969 goal=0 lap=0 last=0.0 best=0.0
52.21,163,5.6,-0.14,0.07,-45,-31.499999999999996,REV,0.31;5.99;1.94;1.10;0.87;0.80;0.89;1.17;2.30;3.04;0.26;0.17;0.12;0.11;0.11;0.16,tick=132001 goal=0 lap=0 last=0.0 best=0.0
52.53,164,6.4,-0.13,0.11,-45,-31.499999999999996,REV,0.50;5.98;1.64;0.99;0.82;0.78;0.88;1.23;2.65;1.48;0.29;0.20;0.14;0.14;0.17;0.21,
52.85,165,11.2,-0.15,0.10,-45,-31.499999999999996,REV,0.73;4.72;1.42;0.92;0.78;0.76;0.87;1.26;3.18;1.06;0.32;0.20;0.18;0.18;0.19;0.29,tick=132065 goal=0 lap=0 last=0.0 best=0.0
53.17,166,12.6,-0.15,0.11,-45,-31.499999999999996,REV,1.05;3.37;1.27;0.89;0.75;0.74;0.89;1.36;4.12;0.85;0.32;0.24;0.20;0.20;0.22;0.34,tick=132097 goal=0 lap=0 last=0.0 best=0.0
53.49,167,16.8,-0.15,0.11,18,31.499999999999996,FWD,1.71;2.60;1.17;0.81;0.70;0.75;0.92;1.46;6.00;0.71;0.33;0.22;0.19;0.20;0.26;0.40,tick=132129 goal=0 lap=0 last=0.0 best=0.0
53.81,168,18.6,-0.11,-0.02,18,-100,FWD,1.98;2.51;1.14;0.80;0.71;0.74;0.90;1.48;6.00;0.73;0.33;0.23;0.21;0.22;0.27;0.43,tick=132161 goal=0 lap=0 last=0.0 best=0.0
54.13,169,21.9,-0.01,0.00,18,-100,FWD,2.02;2.49;1.10;0.80;0.71;0.73;0.89;1.48;6.00;0.76;0.35;0.26;0.21;0.22;0.27;0.45,tick=132193 goal=0 lap=0 last=0.0 best=0.0
54.45,170,17.5,0.04,-0.10,18,-100,FWD,1.77;2.60;1.13;0.81;0.71;0.72;0.89;1.44;6.00;0.78;0.34;0.26;0.21;0.20;0.27;0.44,tick=132225 goal=0 lap=0 last=0.0 best=0.0
54.77,171,13.4,0.08,-0.20,18,31.499999999999996,FWD,0.99;3.83;1.30;0.86;0.71;0.71;0.86;1.26;3.41;1.14;0.38;0.25;0.21;0.22;0.26;0.36,tick=132257 goal=0 lap=0 last=0.0 best=0.0
55.09,172,13.0,0.14,0.08,-45,-31.499999999999996,REV,0.69;5.89;1.49;0.92;0.75;0.74;0.81;1.20;2.71;1.54;0.37;0.24;0.18;0.20;0.21;0.30,tick=132289 goal=0 lap=0 last=0.0 best=0.0
55.41,173,5.1,0.03,-0.01,-45,-31.499999999999996,REV,0.65;5.47;1.48;0.93;0.77;0.75;0.88;1.25;2.91;1.25;0.33;0.20;0.16;0.17;0.22;0.28,tick=132321 goal=0 lap=0 last=0.0 best=0.0
55.74,174,12.8,-0.12,0.06,-45,-31.499999999999996,REV,0.71;4.98;1.45;0.92;0.77;0.74;0.85;1.25;3.03;1.18;0.33;0.21;0.18;0.18;0.20;0.29,tick=132353 goal=0 lap=0 last=0.0 best=0.0
56.06,175,13.1,-0.14,0.14,18,31.499999999999996,FWD,1.00;3.55;1.30;0.86;0.73;0.74;0.89;1.30;3.83;0.96;0.34;0.22;0.20;0.20;0.24;0.36,tick=132385 goal=0 lap=0 last=0.0 best=0.0
56.38,176,12.0,-0.10,-0.06,18,31.499999999999996,FWD,1.16;3.32;1.24;0.82;0.71;0.73;0.86;1.32;3.95;0.98;0.39;0.24;0.20;0.20;0.25;0.38,tick=132417 goal=0 lap=0 last=0.0 best=0.0
56.70,177,13.1,-0.01,0.02,18,31.499999999999996,FWD,1.07;3.68;1.28;0.83;0.71;0.72;0.83;1.26;3.46;1.14;0.38;0.27;0.21;0.23;0.24;0.39,tick=132449 goal=0 lap=0 last=0.0 best=0.0
57.02,178,13.0,0.02,0.00,18,31.499999999999996,FWD,1.06;3.60;1.25;0.84;0.72;0.70;0.85;1.25;3.51;1.13;0.37;0.26;0.22;0.21;0.25;0.37,tick=132481 goal=0 lap=0 last=0.0 best=0.0
57.34,179,16.4,0.10,0.07,18,31.499999999999996,FWD,1.20;3.24;1.23;0.84;0.72;0.72;0.87;1.32;4.12;0.94;0.37;0.25;0.21;0.22;0.24;0.39,tick=132513 goal=0 lap=0 last=0.0 best=0.0
57.66,180,22.1,0.14,0.09,18,31.499999999999996,FWD,1.52;2.75;1.20;0.84;0.71;0.75;0.91;1.44;5.83;0.75;0.32;0.21;0.19;0.23;0.24;0.40,tick=132546 goal=0 lap=0 last=0.0 best=0.0
57.98,181,19.6,0.18,0.00,18,32.099999999999994,FWD,2.73;2.29;1.09;0.82;0.71;0.77;0.97;1.62;5.99;0.58;0.28;0.21;0.18;0.21;0.24;0.42,tick=132578 goal=0 lap=0 last=0.0 best=0.0
58.30,182,27.7,0.17,0.12,18,33.3,FWD,5.99;1.90;1.02;0.80;0.72;0.77;1.03;1.94;5.99;0.47;0.27;0.19;0.17;0.20;0.25;0.47,tick=132610 goal=0 lap=0 last=0.0 best=0.0
58.62,183,30.1,0.23,0.13,18,31.499999999999993,FWD,5.99;1.56;0.95;0.77;0.72;0.81;1.15;2.40;2.14;0.42;0.22;0.17;0.20;0.21;0.29;0.61,tick=132642 goal=0 lap=0 last=0.0 best=0.0
58.94,184,36.9,0.24,0.13,28,30.36,FWD,3.92;1.30;0.86;0.73;0.72;0.82;1.25;3.35;1.16;0.39;0.24;0.20;0.21;0.23;0.36;0.97,tick=132674 goal=0 lap=0 last=0.0 best=0.0
59.26,185,43.4,0.26,0.18,28,28.2,FWD,-1.00;1.09;0.76;0.67;0.72;0.85;1.36;5.64;0.92;0.38;0.29;0.23;0.25;0.31;0.49;2.02,tick=132706 goal=0 lap=0 last=0.0 best=0.0
59.58,186,47.2,0.30,0.16,28,-31.499999999999996,FWD,1.67;0.89;0.66;0.62;-1.00;0.86;1.53;6.00;0.79;0.44;0.32;0.29;0.32;0.43;0.74;6.00,tick=132738 goal=0 lap=0 last=0.0 best=0.0
59.90,187,49.8,0.32,-0.22,28,-31.499999999999996,FWD,1.46;0.80;0.59;0.54;0.58;0.76;1.35;5.99;1.01;0.54;0.41;0.39;0.40;0.53;0.96;6.00,tick=132770 goal=0 lap=0 last=0.0 best=0.0
60.22,188,35.9,0.37,-0.23,28,100,FWD,1.97;0.80;0.57;0.49;0.47;-1.00;0.90;3.08;1.90;0.75;0.50;0.44;0.47;0.55;0.84;2.95,tick=132802 goal=0 lap=0 last=0.0 best=0.0
60.54,189,49.1,0.36,0.77,18,-31.499999999999996,FWD,1.22;0.61;0.46;0.42;0.44;0.57;0.98;6.00;1.48;0.73;0.55;0.49;0.53;0.66;1.16;6.00,tick=132834 goal=0 lap=0 last=0.0 best=0.0
60.86,190,57.0,0.37,-0.22,18,-62.99999999999999,FWD,0.52;0.38;0.30;0.30;0.36;0.53;1.45;3.30;1.14;0.73;0.64;0.62;0.74;1.10;3.09;1.54,tick=132866 goal=0 lap=0 last=0.0 best=0.0
61.19,191,45.4,0.36,-0.44,-45,31.499999999999996,REV,0.51;0.26;0.20;0.17;0.20;0.26;0.46;6.00;2.03;1.06;0.80;0.71;0.78;0.99;1.79;6.00,tick=132898 goal=0 lap=0 last=0.0 best=0.0
61.51,192,41.9,0.20,0.11,-45,31.499999999999996,REV,0.51;0.22;0.14;0.13;0.15;0.17;0.26;0.97;3.09;1.30;0.91;0.79;0.81;0.98;1.56;5.67,tick=132930 goal=0 lap=0 last=0.0 best=0.0
61.83,193,43.4,0.02,-0.01,-45,31.499999999999996,REV,0.36;0.17;0.12;0.11;0.12;0.15;0.24;1.29;2.67;1.26;0.89;0.82;0.85;1.05;1.77;6.00,tick=132962 goal=0 lap=0 last=0.0 best=0.0
62.15,194,44.0,-0.14,-0.08,-45,31.499999999999996,REV,0.41;0.19;0.12;0.11;-1.00;0.15;0.26;1.16;2.79;1.26;0.92;0.80;0.84;1.03;1.69;6.00,tick=132994 goal=0 lap=0 last=0.0 best=0.0
62.47,195,38.5,0.00,-0.09,18,31.499999999999996,FWD,0.60;-1.00;0.18;0.13;0.14;0.17;0.26;0.89;3.34;1.31;0.92;0.80;0.79;0.95;1.47;4.90,tick=133026 goal=0 lap=0 last=0.0 best=0.0
62.79,196,0.0,-0.07,-0.04,-45,31.499999999999996,REV,0.86;0.31;0.19;0.16;-1.00;0.18;0.29;0.74;4.27;1.40;0.91;0.79;0.76;0.91;1.33;3.61,tick=133059 goal=0 lap=0 last=0.0 best=0.0
63.11,197,35.3,-0.14,-0.13,-45,31.499999999999996,REV,1.15;0.32;0.21;0.15;0.15;0.19;0.27;0.68;5.23;1.47;0.93;0.79;0.76;0.88;1.26;3.07,tick=133091 goal=0 lap=0 last=0.0 best=0.0
63.43,198,28.0,-0.16,-0.10,18,-100,FWD,2.03;0.40;0.24;0.19;0.17;0.19;0.28;0.58;5.99;1.62;0.97;0.77;0.73;-1.00;1.14;2.44,tick=133123 goal=0 lap=0 last=0.0 best=0.0
63.75,199,32.0,-0.07,0.20,18,-31.499999999999996,FWD,1.63;0.38;0.23;0.20;0.17;0.21;0.29;0.65;5.99;1.52;0.94;0.76;0.73;0.83;1.17;2.66,tick=133155 goal=0 lap=0 last=0.0 best=0.0
64.07,200,37.8,-0.02,-0.00,28,31.499999999999996,FWD,1.06;-1.00;0.23;0.20;0.19;0.23;0.34;0.88;4.21;1.36;0.90;0.73;0.72;0.87;1.25;3.39,
64.39,201,35.1,0.08,0.07,-45,31.499999999999996,REV,1.02;0.34;0.23;0.20;0.20;0.22;0.34;0.91;4.06;1.35;0.88;0.74;0.74;0.85;1.29;3.51,tick=133219 goal=0 lap=0 last=0.0 best=0.0
64.71,202,39.4,-0.00,-0.03,-45,31.499999999999996,REV,0.87;0.32;0.22;0.19;0.20;0.23;0.34;0.99;3.57;1.29;0.86;0.76;0.74;0.88;1.34;4.04,tick=133251 goal=0 lap=0 last=0.0 best=0.0
65.03,203,34.1,-0.16,-0.08,-45,31.499999999999996,REV,1.04;0.34;0.23;0.18;0.18;0.22;0.32;0.91;4.05;1.34;0.89;0.74;-1.00;0.87;1.30;3.50,tick=133283 goal=0 lap=0 last=0.0 best=0.0
65.35,204,29.1,-0.18,-0.11,18,-31.499999999999996,FWD,1.65;0.43;0.26;0.21;0.21;0.23;0.33;0.76;5.92;1.45;0.93;0.76;0.73;0.82;1.16;2.67,tick=133315 goal=0 lap=0 last=0.0 best=0.0
65.67,205,29.1,-0.10,0.04,18,-100,FWD,1.87;0.43;0.27;0.23;0.20;0.26;0.34;0.77;5.99;1.47;0.90;0.72;0.69;0.80;1.12;2.55,tick=133347 goal=0 lap=0 last=0.0 best=0.0
65.99,206,34.3,-0.01,0.01,18,-31.499999999999996,FWD,1.41;0.42;0.27;0.23;0.21;0.25;0.37;0.91;4.66;1.35;0.85;0.71;0.69;0.81;1.17;2.94,tick=133379 goal=0 lap=0 last=0.0 best=0.0
66.31,207,31.7,0.07,-0.04,18,-31.499999999999996,FWD,1.44;0.43;0.25;0.21;0.23;0.25;0.35;0.89;4.77;1.35;0.86;0.71;0.68;0.81;1.18;2.94,tick=133411 goal=0 lap=0 last=0.0 best=0.0
66.64,208,33.5,0.10,-0.06,18,100,FWD,1.70;0.42;0.29;0.20;0.22;0.24;0.36;-1.00;5.81;1.42;0.89;0.74;0.71;0.83;1.15;2.67,tick=133443 goal=0 lap=0 last=0.0 best=0.0
66.96,209,37.3,0.14,0.28,18,-31.499999999999996,FWD,1.23;0.39;0.25;0.19;0.20;0.23;0.34;0.89;4.47;1.35;0.89;0.75;0.72;0.83;1.22;3.15,tick=133475 goal=0 lap=0 last=0.0 best=0.0
67.28,210,36.6,0.17,0.00,-45,31.499999999999996,REV,0.73;0.30;0.21;0.18;0.19;0.23;0.34;1.24;3.00;1.23;0.84;0.74;0.77;0.92;1.43;5.13,tick=133507 goal=0 lap=0 last=0.0 best=0.0
67.60,211,33.8,0.07,0.05,-45,31.499999999999996,REV,0.69;0.27;0.17;0.16;0.16;0.19;0.29;0.99;3.29;1.30;0.89;0.76;0.77;0.93;1.44;4.79,tick=133539 goal=0 lap=0 last=0.0 best=0.0
67.92,212,36.3,-0.09,-0.06,-45,31.499999999999996,REV,0.69;0.28;0.21;0.17;0.16;0.20;0.29;1.00;3.31;1.29;0.90;0.78;0.78;0.94;1.46;4.74,tick=133571 goal=0 lap=0 last=0.0 best=0.0
68.24,213,32.9,-0.15,-0.07,-45,31.499999999999996,REV,0.97;0.30;0.22;0.17;0.18;0.19;0.29;0.82;4.19;1.38;0.89;0.74;0.77;0.88;1.30;3.50,tick=133604 goal=0 lap=0 last=0.0 best=0.0
68.56,214,30.4,-0.14,-0.12,18,-31.499999999999996,FWD,1.57;0.40;0.24;0.20;0.18;0.21;0.30;0.70;6.00;1.47;0.93;0.75;0.73;0.83;1.17;2.69,tick=133636 goal=0 lap=0 last=0.0 best=0.0
68.88,215,32.2,-0.09,0.08,18,-100,FWD,1.82;0.41;0.25;0.19;0.19;0.23;0.32;0.71;5.99;1.50;0.90;0.73;0.75;0.82;1.13;2.55,tick=133668 goal=0 lap=0 last=0.0 best=0.0
69.20,216,32.6,-0.01,0.02,18,-31.499999999999996,FWD,1.38;0.39;0.24;0.20;0.20;0.22;0.35;0.85;4.88;1.38;0.88;0.74;0.73;0.82;1.20;2.96,tick=133700 goal=0 lap=0 last=0.0 best=0.0
69.52,217,32.8,0.04,-0.03,18,-31.499999999999996,FWD,1.38;0.40;0.24;0.20;0.20;0.24;0.33;0.83;4.98;1.39;0.88;0.72;0.71;0.84;1.18;2.93,
69.84,218,32.3,0.08,-0.09,18,-31.499999999999996,FWD,1.62;0.43;0.26;0.20;0.19;0.23;0.32;0.73;6.00;1.47;0.91;0.74;0.72;0.82;1.16;2.68,tick=133764 goal=0 lap=0 last=0.0 best=0.0
70.16,219,27.5,0.15,-0.06,18,-31.200000000000003,FWD,2.50;0.45;0.26;0.20;0.20;0.22;0.30;0.61;6.00;1.60;0.96;0.78;0.72;0.81;1.10;2.33,tick=133796 goal=0 lap=0 last=0.0 best=0.0
70.48,220,28.2,0.16,-0.10,18,-34.32000000000001,FWD,6.00;0.44;0.27;0.20;0.17;0.21;0.28;0.49;6.00;1.85;1.01;0.77;0.75;0.78;1.06;2.00,tick=133828 goal=0 lap=0 last=0.0 best=0.0
70.80,221,19.7,0.19,-0.13,18,-33.96,FWD,6.00;0.57;0.30;0.20;0.18;0.18;0.23;0.45;3.18;2.23;1.09;0.81;0.74;0.77;0.95;1.67,tick=133860 goal=0 lap=0 last=0.0 best=0.0
71.12,222,17.6,0.21,0.00,28,-30.84,FWD,4.93;0.80;0.34;0.23;0.19;0.20;0.25;0.40;1.42;2.89;1.18;0.82;0.71;0.76;0.89;1.41,tick=133892 goal=0 lap=0 last=0.0 best=0.0
71.44,223,13.3,0.24,-0.16,38,-60.239999999999995,FWD,2.98;1.44;0.45;0.30;0.23;0.23;0.25;0.40;0.98;4.37;1.30;0.86;0.70;0.70;0.81;-1.00,tick=133924 goal=0 lap=0 last=0.0 best=0.0
71.77,224,0.0,0.31,-0.36,28,31.499999999999996,FWD,1.66;5.99;0.74;0.39;0.29;0.29;0.30;0.40;0.73;6.00;1.66;0.89;0.68;0.65;0.68;0.89,tick=133956 goal=0 lap=0 last=0.0 best=0.0
72.09,225,359.3,0.38,0.21,18,31.499999999999996,FWD,1.17;6.00;1.23;0.58;0.44;0.38;0.40;0.50;0.82;4.59;1.78;0.83;0.58;0.54;0.56;0.68,tick=133988 goal=0 lap=0 last=0.0 best=0.0
72.41,226,9.0,0.36,0.22,18,31.499999999999996,FWD,1.38;6.00;1.07;0.64;0.51;0.49;0.51;0.71;1.44;6.00;1.01;0.60;0.45;0.46;0.51;0.68,tick=134020 goal=0 lap=0 last=0.0 best=0.0
72.73,227,17.8,0.33,0.21,28,40.019999999999996,FWD,2.03;2.64;0.94;0.64;0.54;0.53;0.63;0.95;2.69;2.00;0.70;0.46;0.40;0.39;0.46;0.70,tick=134052 goal=0 lap=0 last=0.0 best=0.0
73.05,228,22.8,0.34,0.25,28,12.240000000000004,FWD,6.00;1.58;0.81;0.59;0.56;0.59;0.72;1.32;5.99;1.08;0.55;0.40;0.36;0.36;0.48;0.88,tick=134084 goal=0 lap=0 last=0.0 best=0.0
73.37,229,31.4,0.38,0.08,28,8.580000000000004,FWD,5.99;1.16;0.69;0.57;0.55;0.60;0.84;1.77;4.74;0.83;0.49;0.39;0.41;0.41;0.59;1.21,tick=134116 goal=0 lap=0 last=0.0 best=0.0
73.69,230,35.0,0.38,0.01,38,6.600000000000002,FWD,4.16;-1.00;0.64;0.52;0.53;0.58;0.85;1.97;3.11;0.79;0.51;0.42;0.42;0.48;0.66;1.56,tick=134149 goal=0 lap=0 last=0.0 best=0.0
74.01,231,33.3,0.43,0.08,28,-100,FWD,2.90;0.91;0.58;0.47;0.47;0.55;0.83;2.12;2.66;0.82;0.54;0.45;-1.00;0.52;0.76;1.95,tick=134181 goal=0 lap=0 last=0.0 best=0.0
74.33,232,21.8,0.46,-0.91,28,-2.0999999999999988,FWD,6.00;1.32;0.66;0.50;0.44;0.47;0.60;1.00;6.00;1.42;0.71;0.54;0.47;0.51;0.64;1.11,tick=134213 goal=0 lap=0 last=0.0 best=0.0
74.65,233,1.2,0.45,0.00,18,31.499999999999996,FWD,1.04;6.00;1.36;0.74;0.57;0.52;0.57;0.74;1.39;6.00;1.00;0.54;0.42;0.40;0.44;0.56,tick=134245 goal=0 lap=0 last=0.0 best=0.0
74.97,234,8.1,0.43,0.26,18,31.499999999999996,FWD,0.94;5.99;1.37;0.81;0.65;0.61;0.70;0.98;2.04;3.54;0.63;0.38;0.31;0.29;0.34;0.46,tick=134277 goal=0 lap=0 last=0.0 best=0.0
75.29,235,17.5,0.40,0.27,18,31.499999999999996,FWD,1.54;2.89;1.15;0.80;0.67;0.71;0.84;1.31;4.68;0.95;0.40;0.29;0.26;0.22;0.27;0.46,tick=134309 goal=0 lap=0 last=0.0 best=0.0
75.61,236,28.2,0.39,0.26,18,28.620000000000005,FWD,6.00;1.82;0.98;0.75;0.69;0.74;1.01;1.86;6.00;0.56;0.31;0.23;0.21;0.23;0.31;0.56,tick=134341 goal=0 lap=0 last=0.0 best=0.0
75.93,237,31.5,0.35,0.17,28,27.480000000000004,FWD,4.76;1.32;0.85;0.71;0.68;0.80;1.13;2.82;1.59;0.44;0.30;0.22;0.22;0.25;0.38;0.94,tick=134373 goal=0 lap=0 last=0.0 best=0.0
76.25,238,42.2,0.36,0.16,28,100,FWD,2.43;1.03;0.72;0.66;0.64;0.81;1.29;5.34;1.05;0.45;0.33;0.27;0.28;0.37;0.58;2.19,tick=134405 goal=0 lap=0 last=0.0 best=0.0
76.57,239,56.8,0.38,0.79,18,-31.499999999999996,FWD,1.00;0.67;0.55;0.56;0.64;0.94;2.50;2.14;0.70;0.45;0.39;0.38;0.43;0.65;1.62;3.42,tick=134437 goal=0 lap=0 last=0.0 best=0.0
76.89,240,71.4,0.38,-0.22,18,-62.99999999999999,FWD,0.52;0.40;0.37;0.38;0.54;1.02;6.00;1.34;0.74;0.58;0.55;0.57;0.77;1.44;5.66;0.96,tick=134469 goal=0 lap=0 last=0.0 best=0.0
77.22,241,55.3,0.36,-0.44,-45,62.99999999999999,REV,0.41;0.26;0.22;0.21;0.25;0.39;1.11;3.54;1.25;0.83;0.71;0.72;0.83;1.21;3.33;1.18,tick=134501 goal=0 lap=0 last=0.0 best=0.0
77.54,242,52.7,0.21,0.23,-45,-100,REV,0.25;0.17;0.13;0.13;0.15;0.19;0.44;6.00;1.62;1.00;0.82;0.80;0.90;1.26;2.82;1.14,tick=134533 goal=0 lap=0 last=0.0 best=0.0
77.86,243,59.9,0.00,0.14,-45,62.99999999999999,REV,0.17;0.10;0.11;0.09;0.12;0.16;0.47;4.08;1.48;1.00;0.82;0.85;0.97;1.46;6.00;0.48,tick=134565 goal=0 lap=0 last=0.0 best=0.0
78.18,244,61.2,-0.16,-0.17,-45,62.99999999999999,REV,0.23;0.16;0.13;0.14;0.17;0.27;0.80;3.39;1.35;0.92;0.79;0.81;0.96;1.45;6.00;0.60,tick=134597 goal=0 lap=0 last=0.0 best=0.0
78.50,245,49.8,-0.16,-0.20,-45,-100,REV,0.39;0.25;0.19;0.18;0.21;0.32;0.65;6.00;1.51;0.94;0.77;0.74;0.84;1.16;2.54;1.90,tick=134629 goal=0 lap=0 last=0.0 best=0.0
78.82,246,57.9,-0.16,0.29,-45,-100,REV,0.47;0.29;0.24;0.21;0.26;0.37;0.78;6.00;1.43;0.88;0.70;0.67;0.78;1.09;2.35;2.40,tick=134661 goal=0 lap=0 last=0.0 best=0.0
79.14,247,70.5,-0.15,0.28,-45,62.99999999999999,REV,0.44;0.31;0.28;0.31;0.36;0.59;3.20;2.12;0.99;0.70;0.64;0.66;0.82;1.34;6.00;0.98,tick=134694 goal=0 lap=0 last=0.0 best=0.0
79.46,248,68.5,-0.16,-0.21,18,-62.99999999999999,FWD,0.50;0.38;0.35;0.39;0.47;0.90;6.00;1.46;0.78;0.60;0.57;0.61;0.80;1.46;5.89;0.93,tick=134726 goal=0 lap=0 last=0.0 best=0.0
79.78,249,72.0,-0.11,0.09,18,-62.99999999999999,FWD,0.60;0.44;0.41;0.45;0.56;0.99;5.98;1.45;0.74;0.56;0.54;0.54;0.67;1.20;6.00;1.20,tick=134758 goal=0 lap=0 last=0.0 best=0.0
80.10,250,72.5,-0.02,-0.01,18,-62.99999999999999,FWD,0.61;0.48;0.43;0.47;0.62;1.16;6.00;1.23;0.68;0.52;0.47;0.52;0.68;1.25;5.98;1.13,tick=134790 goal=0 lap=0 last=0.0 best=0.0
80.42,251,67.2,0.05,-0.07,18,-62.99999999999999,FWD,0.60;0.48;0.42;0.48;0.61;1.14;6.00;1.25;0.67;0.53;0.49;0.53;0.70;1.26;6.00;1.15,tick=134822 goal=0 lap=0 last=0.0 best=0.0
80.74,252,68.2,0.10,-0.09,18,-62.99999999999999,FWD,0.62;0.45;0.40;0.43;0.56;0.93;6.00;1.52;0.77;0.57;0.51;-1.00;0.69;1.18;6.00;1.22,tick=134854 goal=0 lap=0 last=0.0 best=0.0
81.06,253,64.1,0.00,-0.16,18,-62.99999999999999,FWD,0.59;0.42;0.35;0.37;0.45;0.70;2.59;2.21;0.94;0.66;0.57;0.58;0.69;1.07;3.70;1.47,tick=134886 goal=0 lap=0 last=0.0 best=0.0
81.38,254,55.6,0.16,-0.20,18,100,FWD,0.60;0.39;0.32;0.29;0.35;0.52;1.19;4.46;1.22;0.75;0.63;0.61;0.70;1.00;2.29;2.51,tick=134918 goal=0 lap=0 last=0.0 best=0.0
81.70,255,56.0,0.18,0.41,-45,-100,REV,0.51;0.31;0.25;0.24;0.27;0.41;0.98;4.79;1.32;0.82;0.69;0.66;0.76;1.07;2.51;2.03,tick=134950 goal=0 lap=0 last=0.0 best=0.0
82.02,256,59.2,0.07,-0.12,-45,62.99999999999999,REV,0.32;0.21;0.20;0.19;0.21;0.38;1.25;3.01;1.22;0.83;0.72;0.75;0.87;-1.00;6.00;0.82,tick=134982 goal=0 lap=0 last=0.0 best=0.0
82.34,257,58.2,-0.07,-0.11,-45,62.99999999999999,REV,0.32;0.22;0.19;0.18;0.23;0.33;0.93;3.71;1.32;0.88;0.75;0.75;0.87;1.31;3.57;0.99,tick=135014 goal=0 lap=0 last=0.0 best=0.0
82.66,258,53.7,-0.15,-0.17,-45,-100,REV,0.48;0.28;0.24;0.22;0.26;0.35;0.76;6.00;1.47;0.90;0.75;0.69;0.79;1.07;2.26;2.71,tick=135046 goal=0 lap=0 last=0.0 best=0.0
82.98,259,55.3,-0.15,0.30,18,-31.499999999999996,FWD,0.58;0.35;0.26;0.24;0.29;0.41;0.89;6.00;1.39;0.84;0.69;0.63;0.71;1.00;2.11;3.34,tick=135078 goal=0 lap=0 last=0.0 best=0.0
83.31,260,57.7,0.00,0.06,-45,62.99999999999999,REV,0.54;0.35;0.31;0.32;0.38;0.56;1.85;2.71;1.05;0.71;0.61;0.62;0.75;1.11;3.27;1.49,tick=135110 goal=0 lap=0 last=0.0 best=0.0
83.63,261,60.4,-0.17,-0.19,18,-62.99999999999999,FWD,0.61;0.42;0.35;0.37;0.40;0.62;1.84;2.77;1.01;0.65;0.57;0.58;0.69;1.02;2.85;1.82,tick=135142 goal=0 lap=0 last=0.0 best=0.0
83.95,262,60.6,-0.09,0.12,18,-31.499999999999996,FWD,0.74;0.50;0.42;0.40;0.46;0.70;1.81;3.01;0.96;0.65;0.51;0.53;0.62;0.90;2.27;2.48,tick=135174 goal=0 lap=0 last=0.0 best=0.0
84.27,263,58.5,-0.03,-0.00,18,-62.99999999999999,FWD,0.74;0.51;0.42;0.44;0.51;0.77;2.32;2.34;0.90;0.61;0.52;0.51;0.61;0.91;2.63;2.07,tick=135206 goal=0 lap=0 last=0.0 best=0.0
84.59,264,58.8,0.07,-0.09,28,31.499999999999996,FWD,0.74;-1.00;0.41;0.41;0.50;0.75;2.22;2.43;0.88;0.58;0.50;0.51;0.61;0.91;2.56;2.11,tick=135238 goal=0 lap=0 last=0.0 best=0.0
84.91,265,58.6,0.11,0.00,18,-62.99999999999999,FWD,0.72;0.46;0.40;0.40;0.47;0.69;1.95;2.71;0.96;0.62;0.54;0.52;0.63;0.93;2.54;2.14,tick=135270 goal=0 lap=0 last=0.0 best=0.0
85.23,266,58.2,0.16,-0.24,18,-62.99999999999999,FWD,0.62;0.42;0.35;0.34;0.40;0.56;1.51;3.38;1.09;0.70;0.59;0.58;0.69;0.99;2.50;2.14,tick=135303 goal=0 lap=0 last=0.0 best=0.0
85.55,267,48.6,0.21,-0.25,18,-31.499999999999996,FWD,0.71;0.39;0.32;0.30;0.32;0.40;0.78;6.00;1.55;0.88;0.69;0.64;0.69;0.90;1.73;5.12,tick=135335 goal=0 lap=0 last=0.0 best=0.0
85.87,268,40.8,0.22,-0.12,18,-31.499999999999996,FWD,0.86;0.38;0.27;0.24;0.24;0.30;0.50;2.60;2.28;1.06;0.77;0.67;0.70;0.85;1.43;6.00,tick=135367 goal=0 lap=0 last=0.0 best=0.0
86.19,269,35.4,0.23,-0.16,18,-31.499999999999996,FWD,1.02;0.36;0.25;0.20;0.22;0.25;0.37;1.13;3.33;1.24;0.86;0.73;0.73;0.85;1.28;4.09,tick=135399 goal=0 lap=0 last=0.0 best=0.0
86.51,270,35.9,0.24,-0.15,18,62.99999999999999,FWD,1.70;0.39;-1.00;0.19;0.16;0.21;0.28;0.67;5.99;1.50;0.95;0.74;0.73;0.84;1.17;2.62,tick=135431 goal=0 lap=0 last=0.0 best=0.0
86.83,271,33.2,0.26,0.32,-45,31.499999999999996,REV,1.23;0.33;0.22;0.17;0.18;0.20;0.27;0.68;4.91;1.45;0.92;0.75;0.76;0.85;1.21;2.97,tick=135463 goal=0 lap=0 last=0.0 best=0.0
87.15,272,0.0,0.14,0.10,-45,31.499999999999996,REV,0.48;0.22;0.14;0.13;0.13;0.17;0.28;1.27;2.70;1.23;0.87;0.78;0.81;0.98;1.59;5.78,tick=135495 goal=0 lap=0 last=0.0 best=0.0
87.47,273,43.9,-0.04,-0.05,-45,31.499999999999996,REV,0.44;0.21;0.14;0.15;0.13;0.15;0.25;1.49;2.57;1.22;0.89;0.79;0.83;1.01;1.71;5.47,tick=135527 goal=0 lap=0 last=0.0 best=0.0
87.79,274,40.7,-0.15,-0.06,-45,31.499999999999996,REV,0.54;0.23;0.17;0.15;0.14;0.16;0.29;1.14;2.86;-1.00;0.89;0.78;0.79;0.95;1.55;6.00,tick=135559 goal=0 lap=0 last=0.0 best=0.0
88.11,275,34.8,-0.15,-0.10,-45,31.499999999999996,REV,0.82;0.28;0.21;0.17;0.17;0.21;0.30;0.91;3.49;1.31;0.90;0.76;0.77;0.90;1.34;6.00,tick=135591 goal=0 lap=0 last=0.0 best=0.0
88.43,276,35.5,-0.16,-0.10,-45,31.499999999999996,REV,1.29;0.35;0.22;0.18;0.18;0.22;0.30;0.76;4.73;1.42;0.93;0.75;0.75;0.84;1.23;2.94,tick=135623 goal=0 lap=0 last=0.0 best=0.0
88.75,277,30.0,-0.15,-0.08,18,-100,FWD,2.33;0.41;0.26;0.19;0.20;0.22;0.31;0.65;5.99;1.54;0.93;0.76;0.73;0.81;1.12;2.37,tick=135655 goal=0 lap=0 last=0.0 best=0.0
89.07,278,33.0,-0.09,0.18,18,-100,FWD,1.84;0.39;0.25;0.20;0.19;0.21;0.32;0.74;5.80;1.45;0.90;0.74;0.73;0.83;1.15;2.57,tick=135687 goal=0 lap=0 last=0.0 best=0.0
89.40,279,35.6,-0.03,0.02,18,-31.499999999999996,FWD,1.09;0.36;0.25;0.21;0.20;0.24;0.38;1.06;3.54;1.27;0.85;0.73;0.72;0.87;1.25;3.56,tick=135719 goal=0 lap=0 last=0.0 best=0.0
89.72,280,39.6,0.05,-0.06,18,-31.499999999999996,FWD,1.10;0.39;0.25;0.21;0.21;0.24;0.35;1.03;3.61;1.28;0.86;0.72;0.72;0.84;1.26;3.47,tick=135751 goal=0 lap=0 last=0.0 best=0.0
90.04,281,34.1,0.08,-0.10,18,-31.499999999999996,FWD,1.24;0.36;0.23;0.18;0.20;0.23;0.34;0.88;4.19;1.34;0.89;0.73;0.72;0.84;1.22;3.07,tick=135783 goal=0 lap=0 last=0.0 best=0.0
90.36,282,33.1,0.14,-0.07,18,-31.499999999999996,FWD,1.66;0.37;0.24;0.19;0.19;0.21;0.30;0.67;5.72;1.48;0.93;0.76;0.73;0.83;1.15;2.65,tick=135815 goal=0 lap=0 last=0.0 best=0.0
90.68,283,32.7,0.16,-0.09,18,-32.81999999999999,FWD,3.10;0.43;0.24;0.20;0.19;0.20;0.24;0.54;6.00;1.68;0.96;0.80;0.73;0.82;1.11;2.22,tick=135847 goal=0 lap=0 last=0.0 best=0.0
91.00,284,25.6,0.19,-0.13,18,-32.58,FWD,4.69;0.47;0.25;0.18;0.18;0.19;0.26;0.44;6.00;1.97;1.07;0.81;0.72;0.77;1.03;1.85,tick=135880 goal=0 lap=0 last=0.0 best=0.0
91.32,285,19.0,0.20,-0.14,18,-33.480000000000004,FWD,5.73;0.62;0.27;0.20;0.18;0.22;0.23;0.39;1.98;2.48;1.14;0.81;0.74;0.77;0.93;1.53,tick=135912 goal=0 lap=0 last=0.0 best=0.0
91.64,286,16.5,0.23,-0.17,28,-30.240000000000002,FWD,6.00;1.05;0.37;0.25;0.21;0.23;0.25;0.37;-1.00;3.40;1.25;0.83;0.71;0.71;0.84;1.27,tick=135944 goal=0 lap=0 last=0.0 best=0.0
91.96,287,7.2,0.27,-0.14,28,-100,FWD,2.33;2.37;0.51;0.31;0.26;0.25;0.28;0.38;0.86;5.79;1.40;0.87;0.69;0.68;0.77;1.07,tick=135976 goal=0 lap=0 last=0.0 best=0.0
92.28,288,358.8,0.31,-0.60,28,31.499999999999996,FWD,1.24;5.57;1.19;0.53;0.35;0.30;0.31;0.40;0.62;2.65;2.25;0.98;0.70;0.60;0.64;0.77,tick=136008 goal=0 lap=0 last=0.0 best=0.0
92.60,289,347.0,0.34,0.22,18,62.99999999999999,FWD,0.75;1.54;3.45;0.96;0.56;0.46;0.43;0.48;0.66;1.42;5.31;1.05;0.63;0.50;0.47;0.55,tick=136040 goal=0 lap=0 last=0.0 best=0.0
92.92,290,358.4,0.34,0.38,18,31.499999999999996,FWD,0.73;5.42;2.00;0.90;0.65;0.56;0.58;0.70;1.15;5.50;1.26;0.56;0.42;0.37;0.37;0.47,tick=136072 goal=0 lap=0 last=0.0 best=0.0
93.24,291,9.5,0.34,0.21,18,31.499999999999996,FWD,0.92;3.76;1.39;0.84;0.67;0.65;0.73;0.98;2.14;2.91;0.59;0.37;0.30;0.28;0.31;0.42,tick=136104 goal=0 lap=0 last=0.0 best=0.0
93.56,292,17.4,0.31,0.21,18,31.499999999999996,FWD,1.26;2.69;1.17;0.82;0.69;0.69;0.82;1.26;4.12;1.05;0.38;0.25;0.24;0.24;0.25;0.42,tick=136136 goal=0 lap=0 last=0.0 best=0.0
93.88,293,24.1,0.32,0.22,38,29.52,FWD,4.51;1.99;1.06;0.79;0.70;0.75;0.97;1.64;6.00;0.61;0.30;0.23;0.21;0.22;0.28;-1.00,tick=136168 goal=0 lap=0 last=0.0 best=0.0
94.21,294,35.1,0.36,0.24,18,29.22,FWD,3.52;1.54;0.93;0.75;0.69;0.77;1.07;2.27;2.72;0.44;0.27;0.22;0.20;0.25;0.33;0.67,tick=136200 goal=0 lap=0 last=0.0 best=0.0
94.53,295,39.1,0.36,0.18,28,26.58,FWD,2.39;1.19;0.80;0.68;0.70;0.82;1.23;3.77;1.17;0.42;0.28;0.25;0.25;0.30;0.42;1.60,tick=136232 goal=0 lap=0 last=0.0 best=0.0
94.85,296,45.3,0.39,0.19,28,-31.499999999999996,FWD,1.61;0.91;0.68;0.61;0.64;0.82;1.40;5.99;0.92;0.47;0.34;0.31;0.33;0.41;0.68;3.71,tick=136264 goal=0 lap=0 last=0.0 best=0.0
95.17,297,42.4,0.40,-0.22,28,-31.499999999999996,FWD,1.38;0.79;0.59;0.54;0.55;0.69;1.20;6.00;1.21;0.58;0.42;0.40;0.41;0.50;0.94;3.36,tick=136296 goal=0 lap=0 last=0.0 best=0.0
95.49,298,37.3,0.39,-0.25,28,-31.499999999999996,FWD,1.63;0.80;0.54;0.48;0.48;0.55;0.81;2.15;2.57;0.84;0.56;0.47;0.44;0.52;0.85;3.86,tick=136328 goal=0 lap=0 last=0.0 best=0.0
95.81,299,24.7,0.41,-0.27,28,-34.98,FWD,2.23;0.93;0.57;0.46;0.42;0.48;0.63;1.20;6.00;1.20;0.66;0.51;0.48;0.53;0.74;4.35,tick=136361 goal=0 lap=0 last=0.0 best=0.0
96.13,300,12.6,0.43,-0.30,28,-0.8400000000000007,FWD,2.92;1.21;0.66;0.48;0.45;0.46;0.56;0.87;2.82;2.00;0.79;0.54;0.46;0.48;0.63;1.17,tick=136393 goal=0 lap=0 last=0.0 best=0.0
96.45,301,10.4,0.43,0.03,28,2.9399999999999995,FWD,3.12;1.49;0.76;0.55;0.49;0.49;0.60;0.87;2.06;2.90;0.77;0.51;0.44;0.45;0.54;0.92,tick=136425 goal=0 lap=0 last=0.0 best=0.0
96.77,302,11.8,0.45,0.02,28,7.86,FWD,2.79;1.42;0.76;0.57;0.52;0.51;0.65;0.94;2.39;2.30;0.65;0.43;0.39;0.40;0.52;0.91,tick=136457 goal=0 lap=0 last=0.0 best=0.0
97.09,303,9.8,0.43,0.05,28,8.580000000000002,FWD,2.43;1.25;0.80;0.59;0.52;0.56;0.70;1.12;2.92;1.54;0.58;0.41;0.37;0.40;0.50;1.03,tick=136489 goal=0 lap=0 last=0.0 best=0.0
97.41,304,14.8,0.44,0.06,28,-31.499999999999996,FWD,2.00;1.10;0.73;0.59;0.55;0.59;-1.00;1.27;3.87;1.05;0.53;0.40;0.36;0.40;0.56;3.48,tick=136521 goal=0 lap=0 last=0.0 best=0.0
97.73,305,13.4,0.46,-0.23,28,-31.499999999999996,FWD,1.90;1.06;0.70;0.56;0.53;0.59;0.71;1.19;3.17;1.19;0.56;0.41;0.36;0.41;0.56;3.35,tick=136553 goal=0 lap=0 last=0.0 best=0.0
98.05,306,359.5,0.46,-0.27,28,-100,FWD,2.20;1.21;0.75;0.59;0.53;0.56;0.68;0.98;2.08;6.00;0.62;0.41;0.36;0.40;0.49;0.95,tick=136585 goal=0 lap=0 last=0.0 best=0.0
98.37,307,337.1,0.46,-0.92,18,80.63999999999999,FWD,3.33;1.88;-1.00;0.75;0.63;0.60;0.63;0.81;1.19;2.66;1.20;0.47;0.33;0.32;0.32;0.45,tick=136617 goal=0 lap=0 last=0.0 best=0.0
98.69,308,328.0,0.43,0.73,-45,100,REV,0.30;2.41;1.50;1.03;0.80;0.71;0.77;0.90;1.23;2.12;5.98;0.27;0.18;0.15;0.17;0.18,tick=136649 goal=0 lap=0 last=0.0 best=0.0
99.01,309,345.4,-0.04,-0.10,-45,100,REV,0.51;1.66;1.13;0.88;0.78;0.81;0.91;1.19;1.89;4.15;0.20;0.12;0.09;0.08;0.11;0.15,tick=136681 goal=0 lap=0 last=0.0 best=0.0
99.34,310,335.7,-0.15,-0.34,-45,-62.99999999999999,REV,0.30;1.97;-1.00;0.94;0.81;0.75;0.85;1.04;1.52;2.92;0.34;0.16;0.12;0.10;0.14;0.16,tick=136713 goal=0 lap=0 last=0.0 best=0.0
99.66,311,332.3,-0.14,0.19,-45,-31.499999999999996,REV,0.36;2.21;1.39;0.98;0.78;0.73;0.76;0.92;1.29;2.34;0.80;0.27;0.17;0.15;0.17;0.19,tick=136745 goal=0 lap=0 last=0.0 best=0.0
99.98,312,339.2,0.00,0.11,-45,-31.499999999999996,REV,0.55;2.02;1.25;0.90;0.73;0.70;0.76;0.92;1.31;2.64;0.73;0.32;0.23;0.19;0.22;0.29,tick=136777 goal=0 lap=0 last=0.0 best=0.0
100.30,313,341.0,-0.15,0.08,18,31.499999999999996,FWD,0.83;1.93;1.16;0.83;0.68;0.67;0.73;0.92;1.34;2.85;0.79;0.34;0.27;0.24;0.26;0.35,tick=136809 goal=0 lap=0 last=0.0 best=0.0
100.62,314,339.6,-0.09,-0.09,18,31.499999999999996,FWD,0.96;1.96;1.16;0.82;0.66;0.63;0.70;0.86;1.26;2.75;1.00;0.39;0.31;0.26;0.30;0.39,tick=136841 goal=0 lap=0 last=0.0 best=0.0
100.94,315,342.2,-0.01,0.04,18,31.499999999999996,FWD,0.87;2.04;1.18;0.79;0.68;0.62;0.67;0.81;1.19;2.54;1.30;0.45;0.31;0.30;0.30;0.40,tick=136873 goal=0 lap=0 last=0.0 best=0.0
101.26,316,337.5,0.00,0.07,18,31.499999999999996,FWD,0.89;2.00;1.16;0.78;0.66;0.62;0.67;0.82;1.20;2.56;1.24;0.43;0.32;0.30;0.31;0.41,tick=136906 goal=0 lap=0 last=0.0 best=0.0
101.58,317,343.1,0.10,0.05,18,31.499999999999996,FWD,1.00;1.92;1.14;0.79;0.66;0.63;0.70;0.86;1.30;2.83;0.94;0.39;0.30;0.28;0.29;0.40,tick=136938 goal=0 lap=0 last=0.0 best=0.0
101.90,318,341.3,0.15,0.08,18,24.0,FWD,3.05;1.75;1.09;0.78;0.66;0.67;0.74;0.95;1.44;3.35;0.66;0.35;0.26;0.25;0.28;0.37,tick=136970 goal=0 lap=0 last=0.0 best=0.0
102.22,319,348.6,0.17,0.07,18,27.120000000000005,FWD,2.71;1.62;1.02;0.78;0.68;0.69;0.79;1.06;1.70;4.15;0.46;0.28;0.23;0.21;0.24;0.38,tick=137002 goal=0 lap=0 last=0.0 best=0.0
102.54,320,353.1,0.20,0.12,18,-100,FWD,2.37;1.45;0.95;0.76;0.69;0.71;0.85;1.17;2.04;5.52;0.35;0.23;0.21;0.18;0.24;0.38,tick=137034 goal=0 lap=0 last=0.0 best=0.0
102.86,321,340.8,0.22,-0.44,-45,100,REV,2.48;1.49;1.00;0.78;0.70;0.72;0.84;1.16;1.90;4.53;0.36;0.23;0.17;0.17;0.22;0.31,tick=137066 goal=0 lap=0 last=0.0 best=0.0
103.18,322,0.0,0.09,0.13,-45,-35.46,REV,-1.00;1.65;1.10;0.83;0.73;0.74;0.83;1.11;1.68;3.51;0.29;0.18;0.14;0.14;0.15;0.20,tick=137098 goal=0 lap=0 last=0.0 best=0.0
103.50,323,342.2,-0.07,0.05,-45,-35.699999999999996,REV,2.61;1.54;1.07;0.84;0.74;0.76;0.89;1.16;1.86;4.03;0.26;0.16;0.15;0.15;0.15;0.23,tick=137130 goal=0 lap=0 last=0.0 best=0.0
103.82,324,344.2,-0.15,0.09,-45,100,REV,2.46;1.52;1.01;0.79;0.72;0.74;0.87;1.19;1.95;4.55;0.28;0.19;0.14;0.15;0.17;0.26,tick=137162 goal=0 lap=0 last=0.0 best=0.0
104.14,325,344.1,0.00,-0.34,-45,-33.3,REV,2.74;1.62;1.06;0.83;0.72;0.72;0.83;1.09;1.75;3.90;0.37;0.22;0.17;0.17;0.20;0.28,tick=137194 goal=0 lap=0 last=0.0 best=0.0
104.46,326,341.6,-0.16,0.11,-45,-100,REV,0.70;1.84;1.16;0.85;0.69;-1.00;0.74;0.98;1.45;2.94;0.60;0.29;0.22;0.19;0.22;0.30,tick=137226 goal=0 lap=0 last=0.0 best=0.0
104.78,327,347.0,-0.16,0.28,18,24.96,FWD,2.74;1.60;1.02;0.77;0.67;0.68;0.76;1.00;1.62;3.83;0.53;0.29;0.26;0.24;0.28;0.40,tick=137258 goal=0 lap=0 last=0.0 best=0.0
105.11,328,350.9,-0.08,-0.04,18,-100,FWD,2.44;1.45;0.96;0.72;0.65;0.65;0.80;1.07;1.85;-1.00;0.51;0.29;0.25;0.25;0.30;0.48,tick=137290 goal=0 lap=0 last=0.0 best=0.0
105.43,329,353.1,-0.01,0.04,18,-100,FWD,2.48;1.47;0.95;0.73;0.64;0.66;0.77;1.03;1.84;5.40;0.50;0.32;0.25;0.27;0.31;0.50,tick=137322 goal=0 lap=0 last=0.0 best=0.0
105.75,330,347.1,0.06,-0.10,18,-100,FWD,2.52;1.49;0.95;0.72;0.65;0.66;0.78;1.02;1.78;5.08;0.49;0.32;0.27;0.26;0.32;0.49,tick=137354 goal=0 lap=0 last=0.0 best=0.0
106.07,331,344.1,0.08,-0.21,18,24.42,FWD,2.81;1.65;1.03;0.76;0.67;0.64;0.76;0.99;1.57;3.74;0.57;0.34;0.26;0.24;0.29;0.41,tick=137386 goal=0 lap=0 last=0.0 best=0.0
106.39,332,343.2,0.14,0.10,18,26.700000000000003,FWD,3.06;1.79;1.11;0.80;0.69;0.68;0.74;0.97;1.47;3.22;0.59;0.31;0.24;0.22;0.25;0.35,tick=137418 goal=0 lap=0 last=0.0 best=0.0
106.71,333,348.9,0.16,0.09,-45,-27.659999999999997,REV,2.72;1.63;1.05;0.81;0.69;0.70;0.81;1.06;1.70;3.92;0.43;0.25;0.23;0.19;0.22;0.33,tick=137451 goal=0 lap=0 last=0.0 best=0.0
107.03,334,347.9,0.04,-0.02,-45,-100,REV,2.59;1.56;1.05;0.80;0.71;0.73;0.81;-1.00;1.81;4.25;0.36;0.22;0.17;0.17;0.20;0.32,tick=137483 goal=0 lap=0 last=0.0 best=0.0
107.35,335,347.3,-0.10,0.23,-45,100,REV,2.50;1.52;1.03;0.79;0.71;0.72;0.84;1.15;1.90;4.56;0.33;0.23;0.18;0.18;0.20;0.30,tick=137515 goal=0 lap=0 last=0.0 best=0.0
107.67,336,347.5,-0.16,-0.33,18,-100,FWD,2.43;1.47;0.99;0.78;0.70;0.72;0.85;1.17;1.95;5.14;0.35;0.22;0.19;0.19;0.23;0.37,tick=137547 goal=0 lap=0 last=0.0 best=0.0
107.99,337,347.9,-0.10,0.00,18,100,FWD,2.80;1.67;1.05;0.78;0.70;-1.00;0.79;1.02;1.65;3.77;0.49;0.26;0.21;0.22;0.23;0.35,
108.31,338,348.4,-0.00,-0.03,18,27.900000000000006,FWD,2.66;1.58;1.03;0.77;0.68;0.70;0.80;1.05;1.74;4.34;0.46;0.28;0.21;0.22;0.26;0.37,
108.63,339,344.3,0.04,0.00,18,26.760000000000005,FWD,2.63;1.56;1.02;0.77;0.67;0.70;0.79;1.08;1.75;4.35;0.46;0.26;0.23;0.24;0.27;0.39,tick=137643 goal=0 lap=0 last=0.0 best=0.0
108.95,340,349.9,0.08,0.06,18,-100,FWD,2.53;1.52;1.00;0.77;0.70;0.72;0.82;1.12;1.87;4.88;0.42;0.26;0.20;0.20;0.24;0.39,
109.27,341,348.5,0.14,-0.29,-45,-30.36,REV,2.62;1.55;1.02;0.79;0.71;0.69;0.80;1.09;-1.00;4.31;0.40;0.25;0.20;0.20;0.20;0.34,tick=137707 goal=0 lap=0 last=0.0 best=0.0
109.59,342,340.2,0.03,-0.00,-45,-32.339999999999996,REV,3.09;1.76;1.13;0.83;0.73;-1.00;0.81;1.04;-1.00;3.26;0.44;0.23;0.19;0.16;0.20;0.27,tick=137739 goal=0 lap=0 last=0.0 best=0.0
109.92,343,341.1,-0.10,0.09,-45,-32.099999999999994,REV,3.02;1.75;1.11;0.84;0.73;0.69;0.79;1.01;1.56;-1.00;0.45;0.24;0.20;0.17;0.19;0.27,tick=137771 goal=0 lap=0 last=0.0 best=0.0
110.24,344,344.9,-0.15,0.09,-45,-28.259999999999998,REV,2.82;1.68;1.06;0.82;0.70;0.71;0.79;1.03;1.63;3.66;0.49;0.25;0.23;0.22;0.23;0.34,tick=137803 goal=0 lap=0 last=0.0 best=0.0
110.56,345,346.3,-0.16,0.11,18,25.26,FWD,2.67;1.57;1.01;0.76;0.67;0.66;0.77;1.03;1.71;4.19;0.51;0.30;0.25;0.23;0.26;0.41,tick=137835 goal=0 lap=0 last=0.0 best=0.0
110.88,346,344.7,-0.09,-0.05,18,22.8,FWD,2.70;1.62;1.01;0.74;0.65;0.65;0.74;1.00;1.64;4.14;0.56;0.34;0.27;0.26;0.30;0.43,tick=137867 goal=0 lap=0 last=0.0 best=0.0
111.20,347,347.6,-0.01,-0.01,18,21.840000000000003,FWD,2.85;1.67;1.01;0.75;0.65;0.63;0.72;0.96;1.55;3.78;0.64;0.33;0.29;0.27;0.33;0.41,tick=137899 goal=0 lap=0 last=0.0 best=0.0
111.52,348,347.4,0.04,0.02,18,24.12,FWD,2.81;1.64;1.03;0.75;0.67;0.67;0.74;0.96;1.56;3.85;0.59;0.32;0.27;0.26;0.32;0.43,tick=137932 goal=0 lap=0 last=0.0 best=0.0
111.84,349,348.6,0.12,0.07,18,25.14,FWD,2.69;1.60;1.02;0.77;0.66;0.65;0.77;1.02;1.64;4.21;0.56;0.33;0.24;0.24;0.30;0.43,tick=137964 goal=0 lap=0 last=0.0 best=0.0
112.16,350,350.9,0.14,0.04,18,-69.0,FWD,2.48;1.50;0.97;0.74;0.65;0.70;0.80;1.07;1.84;5.07;0.45;0.29;0.23;-1.00;0.28;0.46,tick=137996 goal=0 lap=0 last=0.0 best=0.0
112.48,351,349.0,0.17,-0.26,18,-100,FWD,2.51;1.51;0.98;0.76;0.66;0.69;0.80;1.08;1.82;4.63;0.42;0.27;0.23;0.22;0.26;0.40,tick=138028 goal=0 lap=0 last=0.0 best=0.0
112.80,352,335.8,0.20,-0.37,-45,-31.499999999999996,REV,0.59;1.85;1.17;0.85;0.72;0.70;0.78;0.99;1.43;2.88;0.54;0.27;0.19;0.19;0.19;0.26,tick=138060 goal=0 lap=0 last=0.0 best=0.0
113.12,353,332.4,0.08,-0.06,-45,-31.499999999999996,REV,0.25;2.24;1.42;0.98;0.80;0.73;0.77;0.93;1.32;2.25;0.79;0.23;0.13;0.12;0.12;0.17,tick=138092 goal=0 lap=0 last=0.0 best=0.0
113.44,354,327.2,-0.07,0.09,-45,-31.499999999999996,REV,0.25;2.28;1.40;1.00;0.82;0.74;0.78;0.93;1.32;2.21;0.77;0.22;0.15;0.13;0.12;0.16,tick=138124 goal=0 lap=0 last=0.0 best=0.0
113.76,355,330.9,-0.14,0.08,-45,-100,REV,0.37;2.14;1.35;0.93;0.78;0.72;0.74;-1.00;1.28;2.31;0.90;0.27;0.19;0.15;0.16;0.23,tick=138156 goal=0 lap=0 last=0.0 best=0.0
114.08,356,338.0,-0.14,0.33,-45,-31.499999999999996,REV,0.69;1.87;1.18;0.84;0.71;0.69;0.74;0.93;1.38;2.77;0.66;0.31;0.21;0.21;0.22;0.30,tick=138188 goal=0 lap=0 last=0.0 best=0.0
114.40,357,346.4,-0.17,0.10,18,25.020000000000003,FWD,2.78;1.60;1.03;0.74;0.67;0.65;0.74;0.98;1.57;3.65;0.54;0.31;0.25;0.24;0.28;0.41,tick=138220 goal=0 lap=0 last=0.0 best=0.0
114.72,358,343.0,-0.10,-0.02,18,21.48,FWD,2.79;1.63;1.01;0.75;0.64;0.66;0.71;0.95;1.51;3.63;0.61;0.34;0.28;0.25;0.30;0.45,tick=138252 goal=0 lap=0 last=0.0 best=0.0
115.05,359,344.3,-0.03,-0.00,18,20.94,FWD,2.95;1.68;1.02;0.77;0.65;0.65;0.70;0.91;1.42;3.37;0.70;0.37;0.30;0.29;0.30;0.44,tick=138284 goal=0 lap=0 last=0.0 best=0.0
115.37,360,345.4,0.04,0.01,18,22.140000000000004,FWD,2.92;1.67;1.04;0.74;0.65;0.61;0.72;0.91;1.47;3.38;0.70;0.35;0.28;0.28;0.29;0.43,tick=138316 goal=0 lap=0 last=0.0 best=0.0
115.69,361,343.5,0.10,0.06,18,22.020000000000003,FWD,2.78;1.62;1.03;0.76;0.65;0.65;0.72;0.97;1.53;3.67;0.60;0.34;0.29;0.27;0.30;0.45,tick=138348 goal=0 lap=0 last=0.0 best=0.0
116.01,362,348.8,0.17,0.05,18,-100,FWD,2.58;1.51;0.99;0.74;0.66;0.66;0.74;1.02;1.69;4.25;0.51;0.31;0.24;0.25;0.27;0.43,tick=138380 goal=0 lap=0 last=0.0 best=0.0
116.33,363,345.8,0.15,-0.37,18,26.400000000000002,FWD,2.75;1.61;1.03;0.75;0.66;0.67;0.77;1.01;1.63;3.72;0.49;0.29;0.22;0.22;0.27;0.35,tick=138413 goal=0 lap=0 last=0.0 best=0.0
116.65,364,336.2,0.20,0.11,-45,-31.499999999999996,REV,0.68;1.79;1.16;0.86;0.74;0.70;0.78;0.99;1.47;2.99;0.49;0.25;0.18;0.17;0.18;0.25,tick=138445 goal=0 lap=0 last=0.0 best=0.0
116.97,365,334.2,0.09,-0.10,-45,-35.099999999999994,REV,3.09;1.72;1.15;0.85;0.73;0.73;0.81;1.05;1.60;3.23;-1.00;0.19;0.14;0.14;0.15;0.21,tick=138477 goal=0 lap=0 last=0.0 best=0.0
117.29,366,339.3,-0.07,0.10,-45,100,REV,0.69;1.73;1.14;0.84;0.75;0.73;0.82;1.07;1.62;3.20;0.34;0.17;0.15;0.16;0.15;0.20,tick=138509 goal=0 lap=0 last=0.0 best=0.0
117.61,367,332.4,-0.15,-0.28,-45,-31.499999999999996,REV,0.52;1.86;1.19;0.88;0.72;0.70;0.76;0.99;1.44;2.80;0.51;0.26;0.17;0.17;0.19;0.24,tick=138541 goal=0 lap=0 last=0.0 best=0.0
117.93,368,331.2,-0.16,0.07,-45,100,REV,0.48;2.14;1.34;0.89;0.72;0.67;0.70;0.84;1.22;2.13;6.00;0.38;0.23;0.23;0.23;0.27,tick=138573 goal=0 lap=0 last=0.0 best=0.0
118.25,369,327.6,-0.16,-0.28,-45,-94.5,REV,0.51;2.33;1.37;-1.00;0.69;0.63;0.64;-1.00;1.07;1.82;5.01;0.51;0.31;0.28;0.26;0.32,tick=138605 goal=0 lap=0 last=0.0 best=0.0
118.57,370,325.9,-0.15,0.28,18,-100,FWD,0.55;2.61;1.46;0.91;0.67;0.60;0.59;0.67;0.89;1.48;3.65;0.72;0.42;0.31;0.31;0.36,tick=138637 goal=0 lap=0 last=0.0 best=0.0
118.89,371,330.1,-0.09,0.15,18,-100,FWD,0.96;2.02;1.13;0.76;0.58;0.54;0.55;0.70;0.98;1.91;6.00;0.64;0.42;0.38;0.39;0.47,tick=138669 goal=0 lap=0 last=0.0 best=0.0
119.21,372,336.1,-0.01,0.03,18,6.360000000000002,FWD,3.46;1.81;1.00;0.66;0.53;0.52;0.54;0.71;1.04;2.25;6.00;0.59;0.42;0.39;0.43;0.55,tick=138701 goal=0 lap=0 last=0.0 best=0.0
119.53,373,335.9,0.07,0.01,18,6.720000000000002,FWD,3.42;1.81;1.00;0.67;0.55;0.52;0.56;0.70;1.04;2.28;6.00;0.59;0.44;0.38;0.41;0.54,tick=138733 goal=0 lap=0 last=0.0 best=0.0
119.86,374,341.3,0.09,0.01,18,9.779999999999996,FWD,3.36;1.79;0.99;0.69;0.56;0.53;0.57;0.73;1.11;2.38;1.99;0.54;0.40;0.36;0.38;0.53,tick=138765 goal=0 lap=0 last=0.0 best=0.0
120.18,375,335.1,0.15,0.01,18,13.799999999999999,FWD,3.19;1.72;1.00;0.71;0.59;0.56;0.59;0.78;1.19;2.55;1.34;0.48;0.36;0.33;0.35;0.47,tick=138797 goal=0 lap=0 last=0.0 best=0.0
120.50,376,341.9,0.17,0.01,18,16.979999999999997,FWD,2.98;1.64;1.00;0.70;0.60;0.59;0.65;0.86;1.33;2.90;0.89;0.42;0.31;0.31;0.33;0.47,tick=138829 goal=0 lap=0 last=0.0 best=0.0
120.82,377,342.4,0.21,0.09,18,21.06,FWD,2.70;1.53;0.97;0.71;0.63;0.63;0.71;0.96;1.50;3.36;0.64;0.36;0.28;0.28;0.28;0.44,tick=138861 goal=0 lap=0 last=0.0 best=0.0
121.14,378,347.0,0.21,0.09,38,-7.199999999999996,FWD,2.36;1.38;0.89;0.71;0.64;0.64;0.79;1.07;1.74;4.12;0.47;0.29;0.23;0.22;0.28;-1.00,tick=138893 goal=0 lap=0 last=0.0 best=0.0
121.46,379,345.6,0.26,-0.06,18,-100,FWD,2.15;1.30;0.88;0.70;0.64;0.66;0.81;1.13;1.95;4.71;0.38;0.24;0.21;0.21;0.27;0.46,tick=138926 goal=0 lap=0 last=0.0 best=0.0
121.78,380,334.7,0.29,-0.59,-45,-28.14,REV,2.87;1.49;0.98;0.76;0.66;0.69;0.78;1.01;1.65;3.18;0.41;0.22;0.19;0.20;0.19;0.29,tick=138958 goal=0 lap=0 last=0.0 best=0.0
122.10,381,320.4,0.17,-0.11,-45,-31.499999999999996,REV,0.29;2.07;1.24;0.91;0.77;0.69;0.75;0.93;1.35;2.24;0.45;0.17;0.12;0.12;0.10;0.14,tick=138990 goal=0 lap=0 last=0.0 best=0.0
122.42,382,322.2,-0.10,0.06,-45,94.5,REV,0.30;2.09;1.27;0.92;0.75;0.71;0.75;0.93;1.35;2.22;0.42;0.16;0.11;-1.00;0.11;0.15,tick=139022 goal=0 lap=0 last=0.0 best=0.0
122.74,383,311.8,-0.14,-0.27,-45,-100,REV,0.33;2.30;1.29;0.92;0.73;0.65;-1.00;0.84;1.20;1.97;4.09;0.25;0.16;0.14;0.14;0.16,tick=139054 goal=0 lap=0 last=0.0 best=0.0
123.06,384,314.4,-0.14,0.30,-45,-31.499999999999996,REV,0.42;2.55;1.38;0.91;0.70;0.63;0.67;0.76;1.02;1.71;3.42;0.44;0.24;0.20;0.20;0.22,tick=139086 goal=0 lap=0 last=0.0 best=0.0
123.38,385,320.1,-0.16,0.13,-45,100,REV,0.74;1.99;1.16;0.78;0.63;0.59;0.64;0.77;1.08;1.90;4.47;0.44;0.28;0.24;0.26;0.31,tick=139118 goal=0 lap=0 last=0.0 best=0.0
123.70,386,315.3,-0.16,-0.33,18,-100,FWD,0.67;2.18;1.21;0.81;0.60;0.56;0.57;0.67;-1.00;1.65;3.76;0.63;0.35;0.29;0.30;0.38,tick=139150 goal=0 lap=0 last=0.0 best=0.0
124.02,387,317.1,-0.09,0.16,18,31.499999999999996,FWD,0.66;2.54;1.32;0.78;0.58;0.52;0.52;0.58;0.79;1.35;2.93;0.95;0.48;0.37;0.37;0.39,tick=139182 goal=0 lap=0 last=0.0 best=0.0
124.35,388,317.1,-0.00,0.00,18,31.499999999999996,FWD,0.76;2.28;1.21;0.74;0.57;0.49;0.49;0.58;0.79;1.40;3.24;0.90;0.48;0.39;0.38;0.46,tick=139214 goal=0 lap=0 last=0.0 best=0.0
124.67,389,320.4,0.05,0.05,18,-100,FWD,0.77;2.28;1.20;0.73;0.57;0.49;0.50;0.59;0.82;1.43;3.30;0.87;0.49;0.39;0.38;0.47,
124.99,390,0.0,0.09,-0.22,18,31.499999999999996,FWD,0.68;2.38;1.28;0.78;0.58;0.52;0.51;0.61;0.82;1.43;3.14;0.85;0.47;0.35;0.36;0.42,tick=139278 goal=0 lap=0 last=0.0 best=0.0
125.31,391,313.2,0.14,0.12,-45,-31.499999999999996,REV,0.51;2.72;1.40;0.88;0.64;0.55;0.56;0.63;0.84;1.40;2.90;0.83;0.40;0.33;0.29;0.34,tick=139310 goal=0 lap=0 last=0.0 best=0.0
125.63,392,315.3,0.02,-0.01,-45,-31.499999999999996,REV,0.47;2.65;1.39;0.91;0.68;0.59;0.59;0.69;0.92;1.53;3.16;0.62;0.31;0.27;0.26;0.28,tick=139343 goal=0 lap=0 last=0.0 best=0.0
125.95,393,313.1,-0.12,0.10,-45,100,REV,0.49;2.57;1.35;0.89;0.68;0.56;0.59;0.70;-1.00;1.54;3.21;0.64;0.33;0.27;0.27;0.29,tick=139375 goal=0 lap=0 last=0.0 best=0.0
126.27,394,313.5,-0.16,-0.28,18,100,FWD,0.56;2.84;1.43;0.89;0.62;-1.00;0.51;0.62;0.80;1.31;2.69;0.97;0.45;0.34;0.33;0.36,tick=139407 goal=0 lap=0 last=0.0 best=0.0
126.59,395,303.7,-0.09,-0.21,18,31.499999999999996,FWD,0.53;4.71;1.84;1.00;0.66;0.52;0.44;0.49;0.59;0.89;1.65;4.42;0.72;0.45;0.39;0.40,tick=139439 goal=0 lap=0 last=0.0 best=0.0
126.91,396,298.9,-0.01,-0.00,18,31.499999999999996,FWD,0.52;5.98;2.02;1.07;0.66;0.49;0.42;0.48;0.51;0.77;1.44;3.53;0.90;0.53;0.42;0.42,tick=139471 goal=0 lap=0 last=0.0 best=0.0
127.23,397,298.1,0.03,0.08,18,31.499999999999996,FWD,0.52;5.89;2.06;1.06;0.66;0.49;0.44;0.47;0.55;0.78;1.44;3.60;0.87;0.51;0.42;0.42,tick=139503 goal=0 lap=0 last=0.0 best=0.0
127.55,398,305.3,0.09,0.02,18,31.499999999999996,FWD,0.47;5.32;1.96;1.06;0.68;0.52;0.49;0.52;0.61;0.87;1.58;4.05;0.75;0.46;0.39;0.36,tick=139535 goal=0 lap=0 last=0.0 best=0.0
127.87,399,302.0,0.13,0.09,-45,-31.499999999999996,REV,0.41;4.51;1.83;1.04;0.69;0.58;0.53;0.57;0.67;1.02;1.86;4.95;0.55;0.36;0.33;0.33,tick=139567 goal=0 lap=0 last=0.0 best=0.0
128.19,400,306.0,0.03,-0.00,-45,-31.499999999999996,REV,0.34;4.37;1.84;1.08;0.76;0.60;0.60;0.63;0.76;1.14;2.09;5.53;0.41;0.30;0.26;0.28,tick=139599 goal=0 lap=0 last=0.0 best=0.0
128.51,401,0.0,-0.12,0.07,-45,-31.499999999999996,REV,0.37;4.19;1.79;1.08;0.73;0.60;0.59;0.62;0.76;1.14;2.10;5.70;0.45;0.32;0.27;0.29,tick=139631 goal=0 lap=0 last=0.0 best=0.0
128.84,402,304.7,-0.16,0.11,18,31.499999999999996,FWD,0.52;3.54;1.61;0.95;0.65;0.54;0.50;0.56;0.69;1.10;2.16;6.00;0.54;0.38;0.36;0.37,tick=139663 goal=0 lap=0 last=0.0 best=0.0
129.16,403,308.6,-0.08,-0.04,18,31.499999999999996,FWD,0.60;3.43;1.55;0.86;0.61;0.50;0.45;0.48;0.64;0.99;1.97;6.00;0.65;0.45;0.41;0.43,tick=139695 goal=0 lap=0 last=0.0 best=0.0
129.48,404,301.9,-0.01,-0.02,18,31.499999999999996,FWD,0.61;3.67;1.59;0.85;0.56;0.45;0.42;0.46;0.55;0.90;1.79;5.83;0.76;0.49;0.45;0.44,tick=139727 goal=0 lap=0 last=0.0 best=0.0
129.80,405,307.7,0.04,0.03,18,31.499999999999996,FWD,0.61;3.63;1.60;0.85;0.56;0.47;0.42;0.45;0.57;0.90;1.82;5.99;0.71;0.48;0.43;0.45,tick=139759 goal=0 lap=0 last=0.0 best=0.0
130.12,406,310.1,0.09,0.04,18,31.499999999999996,FWD,0.56;3.36;1.55;0.86;0.58;0.49;0.45;0.52;0.65;1.00;2.06;6.00;0.64;0.44;0.40;0.41,tick=139791 goal=0 lap=0 last=0.0 best=0.0
130.44,407,311.1,0.15,0.08,18,31.499999999999996,FWD,0.54;3.01;1.47;0.86;0.62;0.52;0.51;0.56;0.74;1.19;2.44;1.41;0.52;0.36;0.34;0.42,tick=139824 goal=0 lap=0 last=0.0 best=0.0
130.76,408,316.9,0.18,0.12,-45,100,REV,0.52;2.61;1.38;0.86;0.66;0.57;0.57;0.64;0.88;1.47;3.08;-1.00;0.38;0.29;0.27;0.33,tick=139856 goal=0 lap=0 last=0.0 best=0.0
131.08,409,319.0,0.06,0.08,-45,100,REV,0.57;2.11;1.22;0.83;0.68;0.61;0.63;0.79;1.09;1.89;4.27;0.40;0.26;0.23;0.23;0.29,tick=139888 goal=0 lap=0 last=0.0 best=0.0
131.40,410,317.8,-0.11,-0.22,-45,100,REV,0.55;2.12;1.25;0.84;0.66;0.59;0.62;0.76;1.07;1.85;4.18;0.43;0.27;0.22;0.25;0.30,tick=139920 goal=0 lap=0 last=0.0 best=0.0
131.72,411,308.4,-0.12,-0.27,-45,-31.499999999999996,REV,0.45;3.10;1.53;0.93;0.67;0.57;0.58;0.62;0.82;1.32;2.59;0.94;0.41;0.30;0.28;0.31,tick=139952 goal=0 lap=0 last=0.0 best=0.0
132.04,412,303.3,-0.15,0.08,18,31.499999999999996,FWD,0.49;3.99;1.70;0.99;0.65;0.53;0.51;0.54;0.67;1.01;1.92;5.53;0.60;0.42;0.33;0.40,tick=139984 goal=0 lap=0 last=0.0 best=0.0
132.36,413,303.4,-0.10,0.00,18,31.499999999999996,FWD,0.58;3.86;1.63;0.90;0.58;0.48;0.45;0.46;0.57;0.89;1.77;5.39;0.72;0.48;0.42;0.44,tick=140016 goal=0 lap=0 last=0.0 best=0.0
132.68,414,306.9,-0.01,-0.05,18,31.499999999999996,FWD,0.62;4.16;1.69;0.88;0.56;0.45;0.41;0.43;0.53;0.81;1.60;4.69;0.82;0.54;0.48;0.47,tick=140048 goal=0 lap=0 last=0.0 best=0.0
133.00,415,304.1,0.06,0.04,18,31.499999999999996,FWD,0.60;4.12;1.68;0.89;0.55;0.47;0.41;0.42;0.53;0.83;1.64;4.80;0.81;0.54;0.46;0.45,tick=140080 goal=0 lap=0 last=0.0 best=0.0
133.32,416,308.0,0.10,0.07,18,31.499999999999996,FWD,0.58;3.78;1.63;0.90;0.57;0.49;0.45;0.47;0.59;0.93;1.82;5.60;0.70;0.48;0.40;0.45,tick=140112 goal=0 lap=0 last=0.0 best=0.0
133.65,417,308.1,0.14,0.09,18,31.499999999999996,FWD,0.53;3.35;1.53;0.89;0.60;0.52;0.49;0.56;0.70;1.09;2.19;5.99;0.56;0.39;0.37;0.37,tick=140144 goal=0 lap=0 last=0.0 best=0.0
133.97,418,309.2,0.16,0.10,-45,-31.499999999999996,REV,0.50;2.90;1.45;0.89;0.66;0.57;0.56;0.62;0.85;1.36;2.73;0.88;0.43;0.31;0.27;0.33,tick=140176 goal=0 lap=0 last=0.0 best=0.0
134.29,419,311.5,0.06,-0.04,-45,-31.499999999999996,REV,0.41;2.79;1.42;0.92;0.70;0.62;0.62;0.68;0.95;1.52;3.04;0.59;0.32;0.23;0.25;0.26,tick=140208 goal=0 lap=0 last=0.0 best=0.0
134.61,420,313.3,-0.11,0.06,-45,-31.499999999999996,REV,0.41;2.79;1.43;0.93;0.69;0.62;0.61;0.68;0.92;1.52;3.07;0.59;0.30;0.24;0.24;0.28,tick=140240 goal=0 lap=0 last=0.0 best=0.0
134.93,421,313.0,-0.17,0.08,-45,94.5,REV,0.55;2.49;1.33;0.83;0.66;0.57;0.57;0.67;0.90;1.53;3.25;0.68;0.37;-1.00;0.28;0.34,tick=140273 goal=0 lap=0 last=0.0 best=0.0
135.25,422,316.0,-0.17,-0.25,18,31.499999999999996,FWD,0.59;2.72;1.37;0.80;0.60;0.52;0.49;0.59;0.77;1.28;2.76;1.03;0.49;0.36;0.36;0.38,tick=140305 goal=0 lap=0 last=0.0 best=0.0
135.57,423,307.0,-0.07,-0.06,18,31.499999999999996,FWD,0.57;3.62;1.59;0.88;0.58;0.50;0.44;0.48;0.59;0.97;1.90;5.99;0.66;0.47;0.40;0.42,tick=140337 goal=0 lap=0 last=0.0 best=0.0
135.89,424,305.1,-0.01,-0.01,18,31.499999999999996,FWD,0.59;3.90;1.66;0.86;0.58;0.46;0.41;0.45;0.54;0.86;1.67;5.20;0.78;0.48;0.45;0.45,tick=140369 goal=0 lap=0 last=0.0 best=0.0
136.21,425,304.8,0.04,0.03,18,31.499999999999996,FWD,0.61;3.87;1.65;0.87;0.59;0.47;0.43;0.47;0.57;0.88;1.71;5.32;0.77;0.51;0.43;0.45,tick=140401 goal=0 lap=0 last=0.0 best=0.0
136.53,426,306.8,0.08,0.06,18,31.499999999999996,FWD,0.58;3.59;1.58;0.89;0.58;0.48;0.44;0.49;0.60;0.96;1.93;6.00;0.66;0.45;0.40;0.42,tick=140433 goal=0 lap=0 last=0.0 best=0.0
136.85,427,311.5,0.13,0.08,18,-100,FWD,0.52;3.17;1.52;0.87;0.63;0.53;0.50;0.55;0.72;1.15;2.32;6.00;0.54;0.39;0.35;0.37,tick=140465 goal=0 lap=0 last=0.0 best=0.0
137.17,428,308.1,0.17,-0.36,-45,-31.499999999999996,REV,0.39;3.62;1.65;1.00;0.72;0.59;0.56;0.61;0.78;1.22;2.30;6.00;0.44;0.30;0.28;0.29,tick=140497 goal=0 lap=0 last=0.0 best=0.0
137.49,429,298.2,0.07,-0.06,-45,100,REV,0.27;0.51;2.13;1.26;0.85;0.67;0.61;0.66;0.79;1.12;1.92;4.38;0.38;0.24;0.20;0.23,tick=140529 goal=0 lap=0 last=0.0 best=0.0
137.81,430,300.7,-0.11,-0.23,-45,100,REV,0.26;0.46;2.25;1.29;0.87;0.67;0.63;0.66;0.77;-1.00;1.81;3.98;0.40;0.26;0.23;0.21,tick=140561 goal=0 lap=0 last=0.0 best=0.0
138.14,431,285.3,-0.16,-0.30,-45,-62.99999999999999,REV,0.32;0.47;3.19;1.53;0.94;0.68;0.57;0.57;0.62;0.81;1.28;2.50;1.05;0.43;0.30;0.29,tick=140593 goal=0 lap=0 last=0.0 best=0.0
138.46,432,286.2,-0.15,0.18,18,62.99999999999999,FWD,0.41;0.54;3.85;1.63;0.91;0.62;0.48;0.48;0.50;0.64;0.98;1.91;-1.00;0.63;0.42;0.39,tick=140625 goal=0 lap=0 last=0.0 best=0.0
138.78,433,286.9,-0.11,-0.12,18,-100,FWD,0.50;0.69;3.39;1.47;0.76;0.49;0.42;0.40;0.43;0.53;0.87;1.81;5.96;0.74;0.51;0.47,tick=140657 goal=0 lap=0 last=0.0 best=0.0
139.10,434,283.0,0.01,-0.01,18,-100,FWD,0.54;0.72;3.56;1.45;0.73;0.49;0.39;0.37;0.37;0.49;0.79;1.65;5.25;0.87;0.57;0.51,tick=140689 goal=0 lap=0 last=0.0 best=0.0
139.42,435,283.2,0.06,-0.11,18,62.99999999999999,FWD,0.51;0.71;3.73;1.50;0.74;0.49;0.39;0.36;0.37;0.49;0.77;1.63;4.95;0.85;0.58;0.48,tick=140722 goal=0 lap=0 last=0.0 best=0.0
139.74,436,279.9,0.10,0.10,18,62.99999999999999,FWD,0.47;0.62;4.12;1.61;0.85;0.55;0.43;0.40;0.44;0.54;0.80;1.64;4.65;0.80;0.52;0.45,tick=140754 goal=0 lap=0 last=0.0 best=0.0
140.06,437,290.1,0.13,0.17,18,-100,FWD,0.42;0.59;3.25;1.47;0.83;0.59;0.49;0.48;0.54;0.66;1.06;2.16;6.00;0.59;0.44;0.36,tick=140786 goal=0 lap=0 last=0.0 best=0.0
140.38,438,0.0,0.14,-0.30,-45,-62.99999999999999,REV,0.32;0.45;3.37;1.56;0.96;0.68;0.58;0.55;0.61;0.76;1.22;2.39;1.25;0.42;0.32;0.29,tick=140818 goal=0 lap=0 last=0.0 best=0.0
140.70,439,277.2,0.04,-0.05,-45,31.499999999999996,REV,0.20;0.23;0.48;2.15;1.29;0.88;0.70;0.63;0.66;0.82;1.16;1.92;4.39;0.35;0.25;-1.00,tick=140850 goal=0 lap=0 last=0.0 best=0.0
141.02,440,276.6,-0.11,-0.07,-45,100,REV,0.20;0.25;0.46;2.21;1.30;0.88;0.71;0.61;0.65;0.79;1.11;1.84;4.12;0.39;0.25;0.21,tick=140882 goal=0 lap=0 last=0.0 best=0.0
141.34,441,267.0,-0.14,-0.31,-45,100,REV,0.31;0.33;0.55;2.68;1.38;0.86;0.64;0.55;0.56;0.65;0.85;1.42;2.96;0.75;0.39;0.32,tick=140914 goal=0 lap=0 last=0.0 best=0.0
141.66,442,257.8,-0.15,0.00,18,94.5,FWD,0.38;0.40;0.52;4.11;1.64;0.92;0.62;0.50;0.47;0.52;0.61;0.96;1.83;5.05;0.64;0.43,tick=140946 goal=0 lap=0 last=0.0 best=0.0
141.98,443,246.7,-0.09,-0.16,18,94.5,FWD,0.50;0.47;0.57;6.00;2.19;1.02;0.58;0.44;0.37;0.38;0.43;0.61;1.16;2.68;1.35;0.62,tick=140978 goal=0 lap=0 last=0.0 best=0.0
142.30,444,243.9,-0.01,-0.01,18,-62.99999999999999,FWD,0.56;0.49;0.58;0.99;2.49;1.09;0.56;0.40;0.34;0.35;0.37;0.51;0.91;2.15;6.00;0.73,tick=141010 goal=0 lap=0 last=0.0 best=0.0
142.62,445,239.6,0.04,-0.06,18,-62.99999999999999,FWD,0.56;0.48;0.57;0.95;2.60;1.13;0.59;0.42;0.35;0.35;0.36;0.53;0.91;2.09;6.00;0.74,tick=141042 goal=0 lap=0 last=0.0 best=0.0
142.95,446,236.2,0.11,-0.15,18,-62.99999999999999,FWD,0.52;0.48;0.51;0.75;3.17;1.31;0.71;0.49;0.39;0.37;0.44;0.56;0.90;1.92;6.00;0.72,tick=141074 goal=0 lap=0 last=0.0 best=0.0
143.27,447,235.8,0.12,-0.15,18,-62.99999999999999,FWD,0.46;0.39;0.42;0.54;4.51;1.71;0.94;0.61;0.47;0.45;0.47;0.58;0.88;1.69;4.49;0.70,tick=141106 goal=0 lap=0 last=0.0 best=0.0
143.59,448,230.9,0.17,-0.24,-45,62.99999999999999,REV,0.41;0.34;0.30;0.37;0.64;2.37;1.27;0.80;0.62;0.54;0.55;0.64;0.86;1.51;3.33;0.74,tick=141138 goal=0 lap=0 last=0.0 best=0.0
143.91,449,227.2,0.05,0.09,-45,62.99999999999999,REV,0.33;0.26;0.24;0.28;0.41;2.80;1.51;0.96;0.70;0.64;0.62;0.69;0.93;1.49;3.09;0.61,tick=141170 goal=0 lap=0 last=0.0 best=0.0
144.23,450,226.5,-0.09,-0.12,-45,-100,REV,0.33;0.28;0.24;0.30;0.42;2.81;-1.00;0.95;0.71;0.62;0.60;0.68;0.90;1.47;3.05;0.66,tick=141202 goal=0 lap=0 last=0.0 best=0.0
144.55,451,228.6,-0.16,0.32,-45,62.99999999999999,REV,0.41;0.34;0.32;0.37;0.58;2.57;1.34;0.84;0.62;0.54;0.53;0.62;0.82;1.42;3.03;0.81,tick=141235 goal=0 lap=0 last=0.0 best=0.0
144.87,452,230.7,-0.15,-0.18,18,-62.99999999999999,FWD,0.48;0.40;0.40;0.49;6.00;1.97;1.04;0.66;0.49;0.47;0.49;0.56;0.81;1.50;3.61;0.84,tick=141267 goal=0 lap=0 last=0.0 best=0.0
145.19,453,226.7,-0.09,0.10,18,100,FWD,0.56;0.47;0.49;0.57;6.00;1.89;0.93;0.56;0.41;0.39;0.39;0.46;0.68;1.31;3.23;1.05,tick=141299 goal=0 lap=0 last=0.0 best=0.0
145.51,454,231.1,-0.02,-0.02,18,100,FWD,0.60;0.51;0.52;0.65;5.83;1.72;0.82;0.50;0.38;0.34;0.36;0.43;0.63;1.29;3.36;1.09,tick=141331 goal=0 lap=0 last=0.0 best=0.0
145.83,455,229.6,0.05,0.11,18,100,FWD,0.59;0.48;0.53;0.66;5.47;1.70;0.83;0.50;0.37;0.36;0.36;0.45;0.65;1.33;3.49;1.02,tick=141363 goal=0 lap=0 last=0.0 best=0.0
146.15,456,239.9,0.09,0.18,18,-62.99999999999999,FWD,0.54;0.45;0.48;0.66;3.97;1.53;0.79;0.52;0.40;0.40;0.42;0.50;0.82;1.66;4.68;0.80,tick=141395 goal=0 lap=0 last=0.0 best=0.0
146.47,457,238.0,0.00,-0.16,18,-62.99999999999999,FWD,0.43;0.38;0.41;0.59;3.59;1.53;0.87;0.58;0.46;0.47;0.48;0.63;0.98;1.95;5.88;0.63,tick=141427 goal=0 lap=0 last=0.0 best=0.0
146.79,458,231.4,0.15,-0.20,-45,62.99999999999999,REV,0.38;0.31;0.31;0.40;0.78;2.08;1.18;0.76;0.59;0.54;0.56;0.68;0.97;1.70;4.02;0.62,
147.11,459,227.3,0.05,0.03,-45,62.99999999999999,REV,0.29;0.25;0.23;0.28;0.43;2.45;1.38;0.91;0.70;0.64;-1.00;0.75;1.03;1.67;3.67;0.49,tick=141491 goal=0 lap=0 last=0.0 best=0.0
147.43,460,225.8,-0.10,-0.14,-45,62.99999999999999,REV,0.29;0.25;0.24;0.28;0.45;2.46;1.38;0.91;0.70;0.64;0.63;0.71;0.99;1.66;3.62;0.52,tick=141523 goal=0 lap=0 last=0.0 best=0.0
147.75,461,224.7,0.00,-0.17,-45,62.99999999999999,REV,0.42;0.33;0.29;0.36;0.50;2.85;1.43;0.89;0.66;0.57;0.57;0.62;0.82;1.35;2.78;0.92,tick=141555 goal=0 lap=0 last=0.0 best=0.0
148.07,462,217.1,-0.14,-0.21,18,-31.499999999999996,FWD,0.60;0.41;0.37;0.41;0.57;3.58;1.52;0.88;0.60;0.50;0.48;0.52;0.67;1.02;2.00;6.00,tick=141587 goal=0 lap=0 last=0.0 best=0.0
148.40,463,212.7,-0.10,0.06,18,-31.499999999999996,FWD,0.73;0.47;0.44;0.44;0.65;3.87;1.48;0.81;0.54;0.46;0.42;0.45;0.57;0.89;1.79;4.92,tick=141619 goal=0 lap=0 last=0.0 best=0.0
148.72,464,216.9,-0.02,0.04,18,-31.499999999999996,FWD,0.74;0.49;0.46;0.50;0.73;3.41;1.36;0.73;0.49;0.40;0.39;0.42;0.54;0.88;1.84;5.37,tick=141651 goal=0 lap=0 last=0.0 best=0.0
149.04,465,212.0,0.04,-0.05,18,-31.499999999999996,FWD,0.72;0.50;0.45;0.48;0.73;3.50;1.39;0.75;0.48;0.41;0.40;0.43;0.55;0.87;1.83;5.28,tick=141683 goal=0 lap=0 last=0.0 best=0.0
149.36,466,212.5,0.09,-0.02,18,-31.499999999999996,FWD,0.72;0.48;0.42;0.47;0.60;4.00;1.51;0.83;0.54;0.45;0.42;0.46;0.57;0.89;1.77;4.81,tick=141715 goal=0 lap=0 last=0.0 best=0.0
149.68,467,209.3,0.16,-0.12,18,-31.499999999999996,FWD,0.71;0.45;0.39;0.40;0.50;5.07;1.79;0.99;0.63;0.50;0.48;0.47;0.60;0.89;1.68;4.17,tick=141747 goal=0 lap=0 last=0.0 best=0.0
150.00,468,206.5,0.19,-0.09,18,-31.499999999999996,FWD,0.69;0.42;0.32;0.34;0.39;-1.00;2.27;-1.00;0.76;0.61;0.54;0.54;0.66;0.90;1.56;3.53,tick=141780 goal=0 lap=0 last=0.0 best=0.0
150.32,469,202.4,0.19,0.00,18,-31.499999999999996,FWD,0.71;0.37;0.28;0.26;0.28;0.44;2.81;1.50;0.94;0.70;0.61;0.59;0.69;0.89;1.44;3.03,tick=141812 goal=0 lap=0 last=0.0 best=0.0
150.64,470,194.4,0.20,-0.15,-45,31.499999999999996,REV,0.85;0.33;0.23;0.20;0.23;0.29;0.70;1.86;1.18;0.82;0.70;0.66;0.71;0.89;1.30;2.51,tick=141844 goal=0 lap=0 last=0.0 best=0.0
150.96,471,196.4,0.08,0.00,-45,31.499999999999996,REV,0.81;0.26;0.20;0.17;0.18;0.23;0.42;2.09;1.31;0.93;0.76;0.70;0.75;0.91;1.33;2.39,tick=141876 goal=0 lap=0 last=0.0 best=0.0
151.28,472,196.4,-0.07,-0.04,-45,31.499999999999996,REV,0.75;0.27;0.19;0.17;0.18;0.22;0.40;2.07;1.32;0.94;0.76;0.69;0.77;0.95;1.32;2.45,tick=141908 goal=0 lap=0 last=0.0 best=0.0
151.60,473,196.6,-0.16,-0.11,-45,31.380000000000003,REV,5.99;0.32;0.23;0.18;0.21;0.25;0.45;2.09;1.29;0.90;0.73;0.68;0.73;0.86;1.25;2.25,tick=141940 goal=0 lap=0 last=0.0 best=0.0
151.92,474,189.0,-0.15,-0.07,18,-27.540000000000006,FWD,5.29;0.37;0.24;0.20;0.21;0.26;0.49;2.15;1.28;0.88;0.72;0.66;0.67;0.83;1.19;2.02,tick=141972 goal=0 lap=0 last=0.0 best=0.0
152.24,475,190.2,-0.09,0.07,18,-22.38,FWD,5.13;0.41;0.28;0.24;0.28;0.30;-1.00;2.04;1.24;0.83;0.67;0.62;0.65;0.79;1.12;1.98,tick=142004 goal=0 lap=0 last=0.0 best=0.0
152.56,476,190.3,-0.03,-0.01,18,-21.72,FWD,5.60;0.42;0.28;0.24;0.27;0.33;0.71;1.95;1.17;0.80;0.64;0.59;0.64;0.79;1.18;2.08,tick=142036 goal=0 lap=0 last=0.0 best=0.0
152.88,477,191.7,0.03,-0.01,18,-22.8,FWD,5.52;0.42;0.28;0.26;0.26;0.32;0.71;1.97;1.16;0.81;0.65;0.61;0.64;0.80;1.17;2.04,tick=142068 goal=0 lap=0 last=0.0 best=0.0
153.20,478,193.4,0.08,-0.03,18,-25.860000000000003,FWD,-1.00;0.43;0.28;0.24;0.25;0.31;0.56;2.06;1.23;0.84;0.69;0.63;0.68;0.78;1.14;1.98,tick=142100 goal=0 lap=0 last=0.0 best=0.0
153.52,479,190.4,0.12,-0.06,18,-26.820000000000004,FWD,4.45;0.41;0.26;0.22;0.22;0.27;0.43;2.31;1.35;0.91;0.69;0.64;0.66;0.80;1.10;1.84,tick=142132 goal=0 lap=0 last=0.0 best=0.0
153.85,480,187.3,0.18,-0.06,18,-28.62,FWD,3.77;0.44;0.25;0.22;0.19;0.22;0.37;2.64;1.56;1.00;0.77;0.67;0.67;0.79;1.05;1.68,tick=142164 goal=0 lap=0 last=0.0 best=0.0
154.17,481,179.6,0.19,-0.06,18,-29.820000000000004,FWD,3.14;0.54;0.27;0.21;0.19;0.20;0.31;3.12;-1.00;1.12;0.84;0.69;0.68;0.75;0.98;1.50,tick=142196 goal=0 lap=0 last=0.0 best=0.0
154.49,482,178.9,0.21,-0.13,28,100,FWD,2.56;0.78;0.30;0.23;0.20;0.21;0.27;-1.00;2.10;1.27;0.92;0.75;0.68;0.74;0.90;1.30,tick=142228 goal=0 lap=0 last=0.0 best=0.0
154.81,483,183.9,0.25,0.55,18,-28.619999999999997,FWD,2.82;0.70;0.30;0.22;0.22;0.22;-1.00;0.60;2.02;1.25;0.87;0.72;0.70;0.75;0.94;1.35,tick=142260 goal=0 lap=0 last=0.0 best=0.0
155.13,484,188.6,0.28,-0.13,18,-32.88,FWD,4.40;0.43;0.26;0.21;0.18;0.22;0.32;2.98;1.82;1.17;0.83;0.73;0.72;0.83;1.03;1.71,tick=142292 goal=0 lap=0 last=0.0 best=0.0
155.45,485,185.7,0.26,-0.20,18,-34.019999999999996,FWD,2.98;0.68;0.27;0.21;0.18;0.20;0.26;0.51;2.27;1.39;0.98;0.78;0.75;0.76;0.92;1.39,tick=142325 goal=0 lap=0 last=0.0 best=0.0
155.77,486,178.5,0.27,-0.22,28,0.8399999999999963,FWD,2.12;5.99;0.41;0.25;0.21;0.19;0.24;0.41;2.79;1.67;1.07;0.81;0.72;0.72;0.81;1.13,tick=142357 goal=0 lap=0 last=0.0 best=0.0
156.09,487,175.4,0.29,-0.01,28,31.499999999999996,FWD,1.69;5.99;0.59;0.34;0.26;0.25;0.27;0.42;3.18;1.88;1.15;0.82;0.69;0.66;0.72;0.94,tick=142389 goal=0 lap=0 last=0.0 best=0.0
156.41,488,179.2,0.33,0.22,28,31.499999999999996,FWD,1.69;6.00;0.68;0.41;0.33;0.31;0.37;0.53;3.14;1.82;1.04;0.74;0.62;0.58;0.65;0.92,tick=142421 goal=0 lap=0 last=0.0 best=0.0
156.73,489,187.7,0.34,0.27,28,21.119999999999994,FWD,2.07;3.95;0.64;0.44;0.37;0.37;0.45;0.73;2.84;1.51;0.88;0.64;0.54;0.55;0.65;0.98,tick=142453 goal=0 lap=0 last=0.0 best=0.0
157.05,490,199.4,0.35,0.16,28,-6.179999999999999,FWD,2.90;1.69;0.59;0.43;0.40;0.41;0.53;1.00;2.58;1.30;0.75;0.56;0.50;0.54;0.67;1.07,tick=142485 goal=0 lap=0 last=0.0 best=0.0
157.37,491,198.8,0.39,-0.06,28,-8.22,FWD,3.27;1.60;0.61;0.44;0.37;0.41;0.54;1.03;2.67;1.31;0.72;0.56;0.51;0.53;0.67;1.07,tick=142517 goal=0 lap=0 last=0.0 best=0.0
157.69,492,0.0,0.41,-0.08,28,-5.160000000000001,FWD,2.48;2.14;0.71;0.47;0.42;0.43;0.53;0.94;3.11;1.44;0.76;0.56;0.51;0.50;0.62;0.94,tick=142549 goal=0 lap=0 last=0.0 best=0.0
158.01,493,193.0,0.41,-0.04,28,31.499999999999996,FWD,1.92;3.03;0.88;0.57;0.48;0.49;0.57;0.90;3.52;1.58;0.74;0.53;0.45;0.46;0.54;0.78,tick=142581 goal=0 lap=0 last=0.0 best=0.0
158.33,494,198.9,0.43,0.28,28,6.240000000000002,FWD,2.25;2.40;0.91;0.60;0.53;0.52;0.64;1.09;3.40;1.29;0.63;0.47;0.42;0.39;0.49;0.76,tick=142613 goal=0 lap=0 last=0.0 best=0.0
158.65,495,203.8,0.43,0.04,28,11.460000000000004,FWD,5.41;1.73;0.84;0.60;0.55;0.58;0.71;1.36;3.04;1.03;0.56;0.41;0.36;0.40;0.49;0.81,tick=142645 goal=0 lap=0 last=0.0 best=0.0
158.98,496,202.8,0.00,0.07,28,13.319999999999995,FWD,5.99;1.57;0.80;0.61;0.56;0.60;0.76;1.52;3.01;0.96;0.50;0.40;0.34;0.39;0.49;0.89,tick=142677 goal=0 lap=0 last=0.0 best=0.0
159.30,497,209.8,0.44,0.13,28,12.299999999999997,FWD,6.00;1.33;0.76;0.61;0.56;0.62;0.82;1.79;2.76;0.84;0.48;0.36;0.36;0.40;0.54;1.02,tick=142709 goal=0 lap=0 last=0.0 best=0.0
159.62,498,213.0,0.41,0.11,28,10.440000000000003,FWD,4.64;1.12;0.68;0.56;0.55;0.62;0.85;2.26;2.33;0.80;0.48;0.39;0.38;0.42;0.61;1.34,tick=142741 goal=0 lap=0 last=0.0 best=0.0
159.94,499,218.6,0.45,0.09,28,4.44,FWD,2.85;0.94;0.61;0.50;0.50;0.60;0.83;5.45;2.16;0.78;0.50;0.43;0.43;0.49;0.72;1.90,tick=142773 goal=0 lap=0 last=0.0 best=0.0
160.26,500,218.9,0.45,0.06,28,-64.38,FWD,2.09;0.78;0.53;0.44;0.46;0.55;0.80;5.61;2.16;0.84;0.57;0.49;0.49;0.56;-1.00;2.68,tick=142805 goal=0 lap=0 last=0.0 best=0.0
160.58,501,207.8,0.45,-0.58,28,-6.359999999999999,FWD,5.82;0.88;0.50;0.40;0.40;0.44;0.58;1.18;4.03;1.22;0.70;0.56;0.51;0.57;0.77;1.59,tick=142837 goal=0 lap=0 last=0.0 best=0.0
160.90,502,196.9,0.45,-0.05,28,-4.620000000000001,FWD,3.11;1.85;0.72;0.50;0.43;0.42;0.50;0.78;2.52;2.23;0.87;0.58;0.50;0.50;0.60;0.92,tick=142870 goal=0 lap=0 last=0.0 best=0.0
161.22,503,197.0,0.48,-0.05,28,1.7400000000000015,FWD,2.34;2.33;0.83;0.58;0.47;0.48;0.56;0.84;2.40;2.27;0.78;0.51;0.44;0.45;0.52;0.81,tick=142902 goal=0 lap=0 last=0.0 best=0.0
161.54,504,196.7,0.44,-0.01,18,31.499999999999996,FWD,1.93;2.71;0.96;0.65;0.53;0.55;0.63;0.94;2.58;2.08;0.69;0.47;0.41;0.38;0.46;0.69,tick=142934 goal=0 lap=0 last=0.0 best=0.0
161.86,505,200.8,0.44,0.23,18,15.239999999999997,FWD,3.15;2.08;0.92;0.67;0.58;0.61;0.73;1.19;5.99;1.22;0.53;0.35;0.33;0.34;0.41;0.67,tick=142966 goal=0 lap=0 last=0.0 best=0.0
162.18,506,209.8,0.00,0.11,28,16.2,FWD,6.00;1.47;0.84;0.62;0.60;0.65;0.85;1.56;5.42;0.81;0.46;0.35;0.33;0.34;0.46;0.85,tick=142998 goal=0 lap=0 last=0.0 best=0.0
162.50,507,211.3,0.40,0.14,28,14.94,FWD,5.93;1.25;0.75;0.61;0.59;0.66;0.91;1.93;3.80;0.71;0.42;0.34;0.35;0.40;0.53;1.12,tick=143030 goal=0 lap=0 last=0.0 best=0.0
162.82,508,216.4,0.42,0.15,28,11.400000000000004,FWD,3.09;1.01;0.68;0.56;0.55;0.66;0.95;2.42;2.22;0.70;0.46;0.39;0.36;0.43;0.63;1.70,tick=143062 goal=0 lap=0 last=0.0 best=0.0
163.14,509,220.5,0.42,0.07,28,-26.819999999999997,FWD,2.05;0.81;0.56;0.48;0.50;0.62;0.93;3.05;1.81;0.71;0.49;0.42;0.42;0.53;0.82;2.86,tick=143094 goal=0 lap=0 last=0.0 best=0.0
163.46,510,219.8,0.44,-0.24,28,-34.919999999999995,FWD,2.07;0.75;0.52;0.44;0.43;0.50;0.77;2.19;2.50;0.88;0.58;0.50;0.48;0.59;0.87;2.64,tick=143126 goal=0 lap=0 last=0.0 best=0.0
163.78,511,206.2,0.45,-0.29,28,-8.760000000000002,FWD,6.00;0.92;0.54;-1.00;0.39;0.42;0.56;1.12;5.99;1.25;0.71;0.56;0.54;0.58;0.76;1.52,tick=143158 goal=0 lap=0 last=0.0 best=0.0
164.10,512,198.9,0.44,-0.06,28,-5.6400000000000015,FWD,6.00;1.28;0.59;0.46;0.41;0.44;0.53;0.89;4.62;1.67;0.79;0.58;0.50;0.55;0.69;1.13,tick=143190 goal=0 lap=0 last=0.0 best=0.0
164.43,513,199.7,0.43,-0.03,28,-2.879999999999999,FWD,4.32;1.54;0.69;0.48;0.43;0.45;0.55;0.90;3.55;1.74;0.77;0.55;0.48;0.50;0.62;1.00,tick=143222 goal=0 lap=0 last=0.0 best=0.0
164.75,514,196.4,0.45,0.00,28,-0.29999999999999694,FWD,3.42;1.78;0.76;0.54;0.46;0.48;0.58;0.92;3.35;1.75;0.74;0.51;0.47;0.46;0.60;0.92,tick=143254 goal=0 lap=0 last=0.0 best=0.0
165.07,515,199.6,0.43,-0.02,28,6.479999999999999,FWD,3.02;1.98;0.82;0.59;0.51;0.51;0.64;0.99;3.52;1.63;0.69;0.48;0.40;0.41;0.51;0.82,tick=143286 goal=0 lap=0 last=0.0 best=0.0
165.39,516,198.5,0.44,0.04,28,10.920000000000003,FWD,3.11;2.01;0.86;0.62;0.55;0.56;0.68;1.08;4.25;1.39;0.62;0.42;0.37;0.41;0.49;0.78,tick=143318 goal=0 lap=0 last=0.0 best=0.0
165.71,517,203.4,0.44,0.08,28,12.419999999999998,FWD,4.53;1.81;0.88;0.63;0.57;0.60;0.75;1.25;6.00;1.11;0.54;0.41;0.36;0.37;0.46;0.76,tick=143350 goal=0 lap=0 last=0.0 best=0.0
166.03,518,202.6,0.43,0.11,28,13.739999999999998,FWD,5.98;1.55;0.84;0.62;0.59;0.61;0.82;-1.00;6.00;0.89;0.48;0.36;0.36;0.34;0.47;0.86,tick=143383 goal=0 lap=0 last=0.0 best=0.0
166.35,519,212.5,0.46,0.09,28,13.559999999999999,FWD,5.97;1.30;0.76;0.62;0.57;0.64;0.87;1.76;6.00;0.78;0.45;0.37;0.35;0.40;0.50;1.06,tick=143415 goal=0 lap=0 last=0.0 best=0.0
166.67,520,214.0,0.43,0.13,28,9.540000000000003,FWD,4.07;1.07;0.70;0.55;0.53;0.64;0.90;2.16;2.72;0.72;0.46;0.39;0.37;0.42;-1.00;1.46,tick=143447 goal=0 lap=0 last=0.0 best=0.0
166.99,521,218.2,0.44,0.10,28,100,FWD,2.52;0.88;0.61;0.50;0.48;-1.00;0.89;2.57;2.11;0.79;0.52;0.44;0.41;0.50;0.76;2.18,tick=143479 goal=0 lap=0 last=0.0 best=0.0
167.31,522,235.3,0.45,0.94,18,-31.499999999999996,FWD,0.90;0.54;0.42;0.41;0.47;0.64;1.38;5.68;1.07;0.64;0.52;0.51;0.56;0.77;1.66;4.73,tick=143511 goal=0 lap=0 last=0.0 best=0.0
167.63,523,251.5,0.44,-0.23,-45,62.99999999999999,REV,0.31;0.26;0.23;0.21;0.31;0.57;5.99;1.89;1.00;-1.00;0.70;0.73;0.95;1.72;6.00;0.62,tick=143543 goal=0 lap=0 last=0.0 best=0.0
167.95,524,249.4,-0.01,-0.01,-45,62.99999999999999,REV,0.15;0.08;0.10;0.11;0.12;0.23;3.09;2.31;1.19;0.89;0.80;0.88;1.13;2.00;5.99;0.25,tick=143575 goal=0 lap=0 last=0.0 best=0.0
168.27,525,244.8,-0.14,-0.21,-45,62.99999999999999,REV,0.20;0.13;0.12;0.12;0.14;0.24;1.44;2.61;1.23;0.89;-1.00;0.81;1.06;1.74;5.99;0.39,tick=143607 goal=0 lap=0 last=0.0 best=0.0
168.59,526,238.8,-0.15,-0.21,-45,62.99999999999999,REV,0.32;0.23;0.17;0.17;0.23;0.29;0.87;3.88;1.35;0.89;0.76;0.75;0.89;1.32;3.63;0.94,tick=143639 goal=0 lap=0 last=0.0 best=0.0
168.91,527,234.1,-0.14,-0.18,-45,31.499999999999996,REV,0.49;0.29;0.23;0.21;0.25;0.34;0.70;6.00;1.55;0.92;0.73;0.69;0.76;1.06;2.17;3.26,tick=143671 goal=0 lap=0 last=0.0 best=0.0
169.23,528,226.3,-0.17,-0.11,18,-31.499999999999996,FWD,0.72;0.37;0.27;0.26;0.27;0.37;0.65;6.00;1.79;0.94;0.72;0.66;0.70;0.88;1.62;6.00,tick=143703 goal=0 lap=0 last=0.0 best=0.0
169.55,529,229.0,-0.09,0.06,18,-31.499999999999996,FWD,0.83;0.42;0.32;0.28;0.32;0.40;0.69;6.00;1.75;0.90;0.67;0.62;0.66;0.85;1.53;6.00,tick=143735 goal=0 lap=0 last=0.0 best=0.0
169.88,530,228.4,-0.02,-0.00,28,31.499999999999996,FWD,0.81;-1.00;0.34;0.31;0.31;0.41;0.80;5.97;1.59;0.86;0.64;0.60;0.65;0.87;1.57;6.00,tick=143767 goal=0 lap=0 last=0.0 best=0.0
170.20,531,226.7,0.07,0.05,18,-31.499999999999996,FWD,0.78;0.43;0.34;0.29;0.31;0.44;0.80;6.00;1.60;0.88;0.66;0.61;0.68;0.86;1.60;6.00,tick=143799 goal=0 lap=0 last=0.0 best=0.0
170.52,532,229.8,0.12,-0.10,18,-31.499999999999996,FWD,0.74;0.39;0.30;0.27;0.30;0.41;0.74;6.00;-1.00;0.90;0.69;0.64;0.70;0.91;-1.00;6.00,tick=143831 goal=0 lap=0 last=0.0 best=0.0
170.84,533,221.5,0.15,-0.09,18,-31.499999999999996,FWD,0.75;0.39;0.27;0.26;0.27;0.34;0.56;4.50;2.01;1.00;0.73;0.68;0.70;0.90;1.53;5.98,tick=143863 goal=0 lap=0 last=0.0 best=0.0
171.16,534,219.8,0.00,-0.10,-45,31.499999999999996,REV,0.82;0.34;0.24;0.21;0.25;0.26;0.44;1.76;2.60;1.12;0.81;0.71;0.73;0.90;1.41;5.63,tick=143895 goal=0 lap=0 last=0.0 best=0.0
171.48,535,223.5,0.06,0.05,-45,31.499999999999996,REV,0.76;0.31;0.23;0.17;0.19;0.25;0.39;1.36;2.87;1.20;0.84;-1.00;0.74;0.91;1.45;5.19,tick=143927 goal=0 lap=0 last=0.0 best=0.0
171.80,536,221.8,-0.08,-0.05,-45,31.499999999999996,REV,0.74;0.31;0.21;0.19;0.20;0.22;0.39;1.40;2.85;-1.00;0.83;0.72;0.76;0.91;1.45;5.33,tick=143960 goal=0 lap=0 last=0.0 best=0.0
172.12,537,217.0,-0.14,-0.12,18,-31.499999999999996,FWD,1.01;0.36;0.26;0.22;0.21;0.23;0.39;1.12;3.42;1.27;0.84;0.72;0.71;0.86;1.30;3.74,tick=143992 goal=0 lap=0 last=0.0 best=0.0
172.44,538,217.4,-0.09,-0.00,18,-31.499999999999996,FWD,1.15;0.40;0.28;0.23;0.24;0.27;0.40;1.15;3.51;1.25;0.83;0.71;0.71;0.84;1.24;3.51,tick=144024 goal=0 lap=0 last=0.0 best=0.0
172.76,539,220.5,-0.00,0.02,18,-31.499999999999996,FWD,1.08;0.41;0.27;0.24;0.23;0.28;0.42;1.34;3.12;1.18;0.82;0.68;0.68;0.84;1.28;3.90,tick=144056 goal=0 lap=0 last=0.0 best=0.0
