P,0,0.765,0.29,False
P,60,0.775,0.29,False
P,-60,0.806,0.29,False
R,0.83,0.28,True
P,0,0.817,-0.00,True
P,60,0.823,-0.00,True
P,-60,0.785,0.29,False
R,0.792,0.00,True
P,0,0.794,-0.00,True
P,60,0.786,0.04,True
P,-60,0.762,0.29,False
R,0.786,0.31,False
R,0.789,0.31,False
R,0.804,0.27,True
P,0,0.801,0.04,True
P,60,0.766,0.29,False
P,-60,0.769,0.00,True
R,0.759,0.31,False
R,0.747,0.31,False
R,0.732,0.31,False
R,0.706,0.31,False
P,0,0.69,0.29,False
P,60,0.715,0.29,False
P,-60,0.784,0.29,False
R,0.814,0.31,False
P,0,0.837,0.29,False
P,60,0.848,-0.00,True
P,-60,0.879,0.29,False
R,0.892,0.16,True
P,0,0.888,0.00,True
P,60,0.921,0.29,False
P,-60,0.931,0.04,True
R,0.954,0.31,False
R,0.976,0.31,False
R,0.991,0.01,True
P,0,0.978,0.01,True
P,60,0.978,0.04,True
P,-60,0.983,0.29,False
R,0.973,0.31,False
R,0.939,0.31,False
R,0.902,0.31,False
R,0.892,0.04,True
P,0,0.897,-0.00,True
P,60,0.878,0.29,False
P,-60,0.884,0.00,True
R,0.868,0.00,True
P,0,0.884,0.00,True
P,60,0.866,0.21,True
P,-60,0.87,-0.00,True
P,0,0.873,0.00,True
P,60,0.858,0.29,False
P,-60,0.923,-0.00,True
R,0.931,-0.00,True
P,0,0.922,0.00,True
P,60,0.884,0.29,False
P,-60,0.88,0.00,True
R,0.845,0.31,True
P,0,0.832,0.01,True
P,60,0.802,0.29,False
P,-60,0.796,0.00,True
R,0.777,0.00,True
P,0,0.783,0.00,True
P,60,0.678,0.29,False
R,0.642,0.32,False
R,0.61,0.31,False
R,0.548,0.31,False
R,0.528,0.31,False
P,0,0.516,0.09,True
P,60,0.523,0.00,True
P,-60,0.49,0.29,False
R,0.487,0.29,True
P,0,0.483,-0.00,True
P,60,0.46,0.29,False
P,-60,0.461,0.00,True
R,0.443,0.06,True
P,0,0.461,0.03,True
P,60,0.433,0.29,False
P,-60,0.433,0.00,True
R,0.43,-0.00,True
P,0,0.418,0.00,True
P,60,0.415,0.29,False
P,-60,0.399,0.00,True
R,0.388,0.11,True
P,0,0.395,0.00,True
P,60,0.379,0.29,False
P,-60,0.376,0.02,True
R,0.376,0.03,True
P,0,0.376,0.01,True
P,60,0.346,0.29,False
P,-60,0.348,0.00,True
R,0.341,0.31,False
R,0.338,0.04,True
P,0,0.329,0.00,True
P,60,0.315,0.29,False
P,-60,0.313,0.01,True
R,0.312,0.31,False
R,0.291,0.31,False
R,0.283,0.31,False
R,0.284,0.10,True
P,0,0.28,0.01,True
P,60,0.285,0.02,True
P,-60,0.285,0.29,False
R,0.277,0.00,True
P,0,0.277,0.00,True
P,60,0.278,0.28,False
P,-60,0.284,0.02,True
R,0.288,0.09,True
P,0,0.287,0.00,True
P,60,0.286,0.29,False
P,-60,0.287,-0.00,True
R,0.319,0.31,False
R,0.316,0.32,False
R,0.343,0.31,False
R,0.361,0.31,False
P,0,0.365,0.27,True
P,60,0.38,0.32,False
P,-60,0.376,0.00,True
R,0.378,0.00,True
P,0,0.365,-0.00,True
P,60,0.372,0.29,False
P,-60,0.365,0.01,True
R,0.369,0.03,True
P,0,0.365,0.00,True
P,60,0.359,0.30,False
P,-60,0.363,0.02,True
R,0.354,0.14,True
P,0,0.367,0.00,True
P,60,0.364,0.29,False
P,-60,0.359,-0.00,True
R,0.362,0.07,True
P,0,0.36,0.02,True
P,60,0.345,0.29,False
P,-60,0.35,0.02,True
R,0.362,0.24,True
P,0,0.355,0.00,True
P,60,0.345,0.19,True
P,-60,0.353,-0.00,True
P,0,0.349,0.00,True
P,60,0.338,0.21,True
P,-60,0.329,0.03,True
P,0,0.336,0.29,False
P,60,0.347,0.01,True
P,-60,0.334,0.29,False
R,0.334,-0.00,True
P,0,0.335,-0.00,True
P,60,0.333,0.07,True
P,-60,0.337,-0.00,True
P,0,0.32,0.00,True
P,60,0.337,0.29,False
P,-60,0.338,-0.00,True
R,0.316,0.31,False
R,0.318,0.31,False
R,0.288,0.31,False
R,0.281,0.25,True
P,0,0.281,-0.00,True
P,60,0.281,-0.00,True
P,-60,0.285,0.02,True
P,0,0.289,0.29,False
P,60,0.272,0.29,False
P,-60,0.291,0.07,True
R,0.288,-0.00,True
P,0,0.282,-0.00,True
P,60,0.27,0.29,False
P,-60,0.273,-0.00,True
R,0.283,0.31,False
R,0.278,0.04,True
P,0,0.285,0.00,True
P,60,0.27,0.29,False
P,-60,0.274,0.00,True
R,0.278,0.10,True
P,0,0.271,0.01,True
P,60,0.262,0.34,False
P,-60,0.266,0.01,True
R,0.267,0.31,False
P,0,0.268,0.29,False
P,60,0.268,0.10,True
P,-60,0.28,0.29,False
R,0.294,0.31,False
R,0.311,0.31,False
R,0.328,0.31,False
R,0.349,0.31,False
P,0,0.379,0.29,False
P,60,0.375,0.29,False
P,-60,0.393,0.21,True
R,0.42,0.29,True
P,0,0.42,0.02,True
P,60,0.433,0.29,False
P,-60,0.425,0.00,True
R,0.44,0.24,True
P,0,0.455,0.05,True
P,60,0.458,0.02,True
P,-60,0.45,0.00,True
P,0,0.453,0.00,True
P,60,0.449,0.19,True
P,-60,0.439,0.00,True
P,0,0.44,0.08,True
P,60,0.45,-0.00,True
P,-60,0.422,0.29,False
R,0.405,0.19,True
P,0,0.413,0.02,True
P,60,0.386,0.29,False
P,-60,0.391,-0.00,True
R,0.374,0.16,True
P,0,0.371,-0.00,True
P,60,0.363,0.29,False
P,-60,0.358,0.00,True
R,0.348,0.00,True
P,0,0.343,-0.00,True
P,60,0.346,0.29,False
P,-60,0.353,0.00,True
R,0.358,0.00,True
P,0,0.35,0.01,True
P,60,0.36,0.29,False
P,-60,0.383,0.01,True
R,0.377,0.00,True
P,0,0.37,0.01,True
P,60,0.345,0.29,False
P,-60,0.343,0.00,True
R,0.327,-0.00,True
P,0,0.34,0.00,True
P,60,0.33,0.28,False
P,-60,0.367,-0.00,True
R,0.38,-0.00,True
P,0,0.377,0.00,True
P,60,0.335,0.29,False
P,-60,0.328,-0.00,True
R,0.343,0.00,True
P,0,0.341,0.00,True
P,60,0.352,0.29,False
P,-60,0.352,-0.00,True
R,0.353,-0.00,True
P,0,0.354,0.00,True
P,60,0.31,0.29,False
P,-60,0.337,0.00,True
R,0.328,0.00,True
P,0,0.325,0.01,True
P,60,0.323,0.16,True
P,-60,0.31,0.00,True
P,0,0.307,0.01,True
P,60,0.307,0.04,True
P,-60,0.325,0.00,True
P,0,0.328,0.29,False
P,60,0.318,0.00,True
P,-60,0.338,0.29,False
R,0.343,0.05,True
P,0,0.346,0.03,True
P,60,0.38,0.29,False
P,-60,0.375,0.00,True
R,0.402,0.28,True
P,0,0.396,0.04,True
P,60,0.427,0.29,False
P,-60,0.405,-0.00,True
R,0.405,0.02,True
P,0,0.435,0.00,True
P,60,0.483,0.29,False
P,-60,0.467,0.02,True
R,0.502,0.31,False
R,0.518,0.31,False
R,0.531,0.20,True
P,0,0.533,0.00,True
P,60,0.575,0.29,False
P,-60,0.609,0.29,False
R,0.597,-0.00,True
P,0,0.602,0.00,True
P,60,0.595,-0.00,True
P,-60,0.599,0.29,False
R,0.58,0.31,False
R,0.574,0.02,True
P,0,0.576,-0.00,True
P,60,0.571,0.29,False
P,-60,0.63,-0.00,True
R,0.626,0.00,True
P,0,0.625,-0.00,True
P,60,0.612,0.29,False
P,-60,0.61,0.00,True
R,0.591,-0.00,True
P,0,0.593,0.00,True
P,60,0.625,0.29,False
P,-60,0.657,0.00,True
R,0.648,0.00,True
P,0,0.659,0.00,True
P,60,0.648,0.29,False
P,-60,0.656,0.00,True
R,0.649,-0.00,True
P,0,0.624,0.00,True
P,60,0.665,0.29,False
P,-60,0.672,0.00,True
R,0.675,-0.00,True
P,0,0.679,0.00,True
P,60,0.674,-0.00,True
P,-60,0.651,-0.00,True
P,0,0.646,0.00,True
P,60,0.644,0.00,True
P,-60,0.633,0.00,True
P,0,0.674,0.29,False
P,60,0.661,0.00,True
P,-60,0.67,0.24,True
R,0.666,0.03,True
P,0,0.669,0.01,True
P,60,0.626,0.29,False
P,-60,0.642,0.00,True
R,0.645,0.00,True
P,0,0.643,0.00,True
P,60,0.643,0.30,False
P,-60,0.636,0.00,True
R,0.632,0.00,True
P,0,0.632,0.00,True
P,60,0.63,0.29,False
P,-60,0.616,0.00,True
R,0.63,-0.00,True
P,0,0.634,-0.00,True
P,60,0.635,0.29,False
P,-60,0.619,0.00,True
R,0.639,-0.00,True
P,0,0.642,0.00,True
P,60,0.592,0.29,False
P,-60,0.592,-0.00,True
R,0.596,0.31,False
R,0.598,0.30,False
R,0.639,0.31,False
P,0,0.625,0.11,True
P,60,0.637,-0.00,True
P,-60,0.613,-0.00,True
P,0,0.621,0.00,True
P,60,0.61,0.00,True
P,-60,0.573,-0.00,True
P,0,0.599,0.10,True
P,60,0.59,0.00,True
P,-60,0.613,0.29,False
R,0.563,0.31,False
R,0.556,0.31,False
R,0.542,0.20,True
P,0,0.52,0.01,True
P,60,0.512,0.29,False
P,-60,0.535,0.01,True
R,0.479,0.31,False
R,0.463,0.18,True
P,0,0.469,0.00,True
P,60,0.45,0.29,False
P,-60,0.445,0.00,True
R,0.463,0.11,True
P,0,0.465,0.01,True
P,60,0.435,0.29,False
P,-60,0.431,-0.00,True
R,0.405,0.31,False
R,0.391,0.17,True
P,0,0.387,-0.00,True
P,60,0.386,0.29,False
P,-60,0.385,0.05,True
R,0.356,0.31,False
R,0.337,0.22,True
P,0,0.339,-0.00,True
P,60,0.35,0.05,True
P,-60,0.346,-0.00,True
P,0,0.343,0.00,True
P,60,0.356,0.30,False
P,-60,0.348,0.00,True
R,0.345,-0.00,True
P,0,0.353,-0.00,True
P,60,0.353,0.15,True
P,-60,0.354,0.00,True
P,0,0.351,0.29,False
P,60,0.343,0.13,True
P,0,0.356,0.21,True
P,60,0.352,-0.00,True
P,-60,0.374,0.29,False
R,0.375,0.02,True
P,0,0.37,0.01,True
P,60,0.381,0.08,True
P,-60,0.372,0.29,False
R,0.361,0.21,True
P,0,0.354,0.05,True
P,60,0.364,0.00,True
P,-60,0.349,0.15,True
P,0,0.347,-0.00,True
P,60,0.347,0.29,False
P,-60,0.353,-0.00,True
R,0.351,-0.00,True
P,0,0.357,-0.00,True
P,60,0.356,0.15,True
P,-60,0.351,-0.00,True
P,0,0.357,0.30,False
P,60,0.346,0.18,True
P,-60,0.367,0.29,False
R,0.396,0.31,False
R,0.409,0.31,False
R,0.456,0.31,False
P,0,0.442,0.01,True
P,60,0.454,0.29,False
P,-60,0.445,-0.00,True
R,0.484,0.31,False
R,0.514,0.32,False
R,0.537,0.31,False
R,0.579,0.31,False
P,0,0.587,0.12,True
P,60,0.579,0.29,False
P,-60,0.591,0.00,True
R,0.606,0.10,True
P,0,0.6,0.02,True
P,60,0.597,0.29,False
P,-60,0.597,-0.00,True
R,0.604,0.00,True
P,0,0.6,0.00,True
P,60,0.599,0.04,True
P,-60,0.601,0.05,True
P,0,0.611,0.00,True
P,60,0.608,0.00,True
P,-60,0.614,0.01,True
P,0,0.603,0.20,True
P,60,0.626,0.00,True
P,-60,0.595,0.29,False
R,0.55,0.24,True
P,0,0.557,0.00,True
P,60,0.519,0.28,False
P,-60,0.513,-0.00,True
R,0.514,0.00,True
P,0,0.522,0.00,True
P,60,0.482,0.29,False
P,-60,0.489,0.00,True
R,0.5,-0.00,True
P,0,0.514,0.00,True
P,60,0.477,0.29,False
P,-60,0.449,0.00,True
R,0.431,-0.00,True
P,0,0.435,0.00,True
P,60,0.42,0.30,False
P,-60,0.427,0.00,True
R,0.44,0.00,True
P,0,0.442,0.00,True
P,60,0.381,0.29,False
P,-60,0.372,-0.00,True
R,0.364,0.00,True
P,0,0.37,-0.00,True
P,60,0.37,0.30,False
P,-60,0.364,0.00,True
R,0.387,0.00,True
P,0,0.389,0.00,True
P,60,0.352,0.29,False
P,-60,0.355,-0.00,True
R,0.358,-0.00,True
P,0,0.337,0.00,True
P,60,0.336,0.29,False
P,-60,0.335,0.00,True
R,0.337,0.00,True
P,0,0.353,-0.00,True
P,60,0.317,0.29,False
P,-60,0.317,-0.00,True
R,0.308,0.00,True
P,0,0.316,0.00,True
P,60,0.311,0.24,True
P,-60,0.311,-0.00,True
P,0,0.302,-0.00,True
P,60,0.285,0.05,True
P,-60,0.276,-0.00,True
P,0,0.302,0.29,False
P,60,0.293,-0.00,True
P,-60,0.302,0.27,True
R,0.315,0.00,True
P,0,0.308,0.00,True
P,60,0.334,0.29,False
P,-60,0.358,0.00,True
R,0.345,0.00,True
P,0,0.342,0.00,True
P,60,0.354,0.29,False
P,-60,0.343,0.00,True
R,0.349,0.00,True
P,0,0.35,0.01,True
P,60,0.39,0.29,False
P,-60,0.404,0.00,True
R,0.415,0.05,True
P,0,0.418,0.00,True
P,60,0.452,0.29,False
P,-60,0.464,0.00,True
R,0.515,0.31,False
P,0,0.561,0.29,False
P,60,0.591,0.29,False
P,-60,0.643,0.10,True
R,0.642,0.00,True
P,0,0.639,0.00,True
P,60,0.702,0.29,False
P,-60,0.709,0.02,True
R,0.734,0.25,True
P,0,0.723,0.01,True
P,60,0.78,0.29,False
P,-60,0.767,0.00,True
R,0.787,0.13,True
P,0,0.79,0.01,True
P,60,0.83,0.29,False
P,-60,0.796,0.06,True
R,0.744,0.21,True
P,0,0.749,0.03,True
P,60,0.773,0.26,True
P,-60,0.757,0.00,True
P,0,0.757,0.03,True
P,60,0.776,0.29,False
P,-60,0.814,0.00,True
R,0.82,0.00,True
P,0,0.817,-0.00,True
P,60,0.814,0.12,True
P,-60,0.854,-0.00,True
P,0,0.796,0.29,False
P,60,0.797,0.12,True
P,-60,0.761,0.23,True
R,0.765,0.00,True
P,0,0.757,0.00,True
P,60,0.726,0.29,False
P,-60,0.728,-0.00,True
R,0.689,0.31,False
R,0.689,0.02,True
P,0,0.682,0.01,True
P,60,0.644,0.29,False
P,-60,0.643,0.00,True
R,0.657,0.01,True
P,0,0.655,0.01,True
P,60,0.654,0.29,False
P,-60,0.688,0.02,True
R,0.699,0.31,False
P,0,0.672,0.29,False
P,60,0.673,0.29,False
P,-60,0.667,0.29,False
R,0.667,-0.00,True
P,0,0.681,0.00,True
P,60,0.689,0.29,False
P,-60,0.697,0.00,True
R,0.698,-0.00,True
P,0,0.687,-0.00,True
P,60,0.679,0.18,True
P,-60,0.684,0.00,True
P,0,0.688,0.00,True
P,60,0.676,0.06,True
P,-60,0.681,0.00,True
P,0,0.7,0.29,False
P,60,0.697,0.00,True
P,-60,0.679,0.29,False
R,0.665,0.09,True
P,0,0.663,0.02,True
P,60,0.67,0.00,True
P,-60,0.641,0.29,False
R,0.663,0.27,True
P,0,0.652,0.04,True
P,60,0.658,0.00,True
P,-60,0.66,0.00,True
P,0,0.662,-0.00,True
P,60,0.653,0.05,True
P,-60,0.652,0.00,True
P,0,0.671,0.29,False
P,60,0.683,0.00,True
P,-60,0.671,0.29,False
R,0.664,0.30,False
R,0.649,0.15,True
P,0,0.643,-0.00,True
P,60,0.673,0.29,False
P,-60,0.678,0.00,True
R,0.66,0.16,True
P,0,0.65,0.02,True
P,60,0.679,0.29,False
P,-60,0.673,-0.00,True
R,0.671,0.05,True
P,0,0.671,0.02,True
P,60,0.677,0.29,False
P,-60,0.675,0.00,True
R,0.674,0.00,True
P,0,0.686,0.00,True
P,60,0.67,0.29,False
P,-60,0.675,-0.00,True
R,0.68,0.00,True
P,0,0.677,0.00,True
P,60,0.666,0.29,False
P,-60,0.666,0.00,True
R,0.656,0.07,True
P,0,0.655,0.03,True
P,60,0.635,0.29,False
P,-60,0.652,0.00,True
R,0.645,0.02,True
P,0,0.641,-0.00,True
P,60,0.635,0.29,False
P,-60,0.628,-0.00,True
R,0.614,0.12,True
P,0,0.616,0.00,True
P,60,0.619,0.16,True
P,-60,0.612,0.00,True
P,0,0.614,0.02,True
P,60,0.618,0.05,True
P,-60,0.602,0.02,True
P,0,0.606,0.01,True
P,60,0.617,0.01,True
P,-60,0.634,0.29,False
R,0.643,0.10,True
P,0,0.646,0.01,True
P,60,0.662,0.10,True
P,-60,0.682,0.29,False
R,0.67,0.14,True
P,0,0.653,-0.00,True
P,60,0.664,0.12,True
P,-60,0.633,0.27,True
P,0,0.625,0.00,True
P,60,0.661,0.29,False
P,-60,0.656,-0.00,True
R,0.672,0.00,True
P,0,0.676,-0.00,True
P,60,0.687,0.29,False
P,-60,0.692,0.00,True
R,0.692,0.00,True
P,0,0.705,0.00,True
P,60,0.736,0.29,False
P,-60,0.718,0.00,True
R,0.734,0.02,True
P,0,0.73,0.00,True
P,60,0.757,0.28,False
P,-60,0.76,0.00,True
R,0.765,0.00,True
P,0,0.752,0.00,True
P,60,0.773,0.29,False
P,-60,0.781,0.00,True
R,0.772,0.04,True
P,0,0.776,0.02,True
P,60,0.803,0.29,False
P,-60,0.794,0.00,True
R,0.807,0.03,True
P,0,0.791,0.03,True
P,60,0.814,0.25,True
P,-60,0.807,0.00,True
P,0,0.796,0.29,False
P,60,0.787,0.04,True
P,-60,0.802,0.12,True
R,0.807,0.00,True
P,0,0.805,0.00,True
P,60,0.788,0.29,False
P,-60,0.787,0.00,True
R,0.787,0.00,True
P,0,0.77,-0.00,True
P,60,0.754,0.29,False
P,-60,0.762,-0.00,True
R,0.76,0.00,True
P,0,0.766,-0.00,True
P,60,0.738,0.29,False
P,-60,0.73,0.00,True
R,0.742,0.00,True
P,0,0.739,-0.00,True
P,60,0.697,0.29,False
P,-60,0.695,0.00,True
R,0.701,-0.00,True
P,0,0.697,0.00,True
P,60,0.669,0.29,False
P,-60,0.669,0.00,True
R,0.672,0.31,False
R,0.677,0.31,False
R,0.659,0.31,False
R,0.657,0.31,False
P,0,0.592,0.29,False
R,0.581,0.02,True
P,0,0.559,0.00,True
P,60,0.508,0.00,True
P,0,0.481,0.18,True
P,60,0.495,0.23,True
P,-60,0.502,0.00,True
P,0,0.465,0.29,False
P,60,0.457,-0.00,True
P,-60,0.478,0.29,False
R,0.498,0.31,False
R,0.498,0.31,False
R,0.503,0.05,True
P,0,0.501,0.02,True
P,60,0.475,0.29,False
P,-60,0.48,0.00,True
R,0.478,0.00,True
P,0,0.482,-0.00,True
P,60,0.444,0.29,False
P,-60,0.458,-0.00,True
R,0.46,0.07,True
P,0,0.46,0.01,True
P,60,0.44,0.29,False
P,-60,0.429,0.00,True
R,0.432,0.08,True
P,0,0.432,0.04,True
P,60,0.429,0.00,True
P,-60,0.441,0.00,True
P,0,0.435,-0.00,True
P,60,0.418,0.10,True
P,-60,0.421,0.00,True
P,0,0.449,0.20,True
P,60,0.449,-0.00,True
P,-60,0.455,0.29,False
R,0.442,0.16,True
P,0,0.45,0.00,True
P,60,0.438,0.29,False
P,-60,0.441,-0.00,True
R,0.439,-0.00,True
P,0,0.439,-0.00,True
P,60,0.442,0.08,True
P,-60,0.444,-0.00,True
P,0,0.445,0.05,True
P,60,0.463,0.29,False
P,-60,0.455,0.00,True
R,0.463,0.20,True
P,0,0.458,0.00,True
P,60,0.48,0.29,False
P,-60,0.476,-0.00,True
R,0.481,0.12,True
P,0,0.475,0.00,True
P,60,0.489,0.28,False
P,-60,0.479,-0.00,True
R,0.48,0.00,True
P,0,0.485,0.00,True
P,60,0.485,0.29,False
P,-60,0.497,0.00,True
R,0.481,0.29,True
P,0,0.478,0.01,True
P,60,0.508,0.29,False
P,-60,0.492,0.00,True
R,0.489,0.07,True
P,0,0.488,0.01,True
P,60,0.5,0.29,False
P,-60,0.501,0.04,True
R,0.481,0.20,True
P,0,0.49,0.11,True
P,60,0.485,0.02,True
P,-60,0.488,0.00,True
P,0,0.479,0.29,False
P,60,0.477,0.00,True
P,-60,0.501,0.26,True
R,0.509,0.00,True
P,0,0.501,0.00,True
P,60,0.483,0.28,False
P,-60,0.499,0.00,True
R,0.494,0.00,True
P,0,0.5,-0.00,True
P,60,0.49,0.29,False
P,-60,0.495,0.00,True
R,0.486,-0.00,True
P,0,0.479,0.00,True
P,60,0.506,0.29,False
P,-60,0.496,0.00,True
R,0.495,0.00,True
P,0,0.505,0.01,True
P,60,0.495,0.29,False
P,-60,0.501,0.00,True
R,0.496,0.00,True
P,0,0.509,-0.00,True
P,60,0.503,0.29,False
P,-60,0.5,-0.00,True
R,0.544,0.32,False
P,0,0.559,0.29,False
P,60,0.56,0.06,True
P,-60,0.554,0.00,True
R,0.565,0.00,True
P,0,0.568,0.00,True
P,60,0.587,0.29,False
P,-60,0.579,0.00,True
R,0.59,0.01,True
P,0,0.578,-0.00,True
P,60,0.606,0.29,False
P,-60,0.62,0.00,True
R,0.698,0.28,True
P,0,0.695,0.00,True
P,60,0.692,0.29,False
P,-60,0.721,0.00,True
R,0.716,0.21,True
P,0,0.712,0.00,True
P,60,0.744,0.26,True
P,-60,0.748,0.00,True
P,0,0.737,-0.00,True
P,60,0.769,0.29,False
P,-60,0.769,-0.00,True
R,0.766,0.00,True
P,0,0.78,0.00,True
P,60,0.775,0.10,True
P,-60,0.766,-0.00,True
P,0,0.757,0.29,False
P,60,0.749,0.08,True
P,-60,0.72,0.30,False
R,0.701,0.00,True
P,0,0.686,0.00,True
P,60,0.704,0.00,True
P,-60,0.726,0.29,False
