M,1788377030.40,0.000,0.000,128.5,0.538,
M,1788377035.56,77.764,-342.277,205.9,0.6735,
M,1788377038.31,84.063,-339.225,282.4,0.6665000000000001,B2 PING x=-0.55 y=0.01 t=1788377036
T,1788377038.62,83.094,-338.980,286.0,0.662,
S,1788377035.90,-0.550,0.010,RX=B2 PING x=-0.55 y=0.01 t=1788377036
M,1788377043.78,-215.674,-11.214,349.3,0.8514999999999999,B2 PING x=-0.74 y=0.38 t=1788377043
T,1788377044.06,-215.594,-11.708,352.5,0.8505,
S,1788377043.06,-0.740,0.380,RX=B2 PING x=-0.74 y=0.38 t=1788377043
M,1788377046.93,-219.524,-16.885,81.9,0.901,
M,1788377052.15,186.429,-192.978,145.0,0.892,B2 PING x=-0.83 y=0.87 t=1788377049
T,1788377052.43,185.837,-192.172,142.4,0.8925000000000001,
S,1788377049.24,-0.830,0.870,RX=B2 PING x=-0.83 y=0.87 t=1788377049
M,1788377056.49,169.744,-377.976,227.5,0.7865,B2 PING x=-0.75 y=0.41 t=1788377054
T,1788377056.77,168.958,-378.595,236.1,0.785,
S,1788377054.37,-0.750,0.410,RX=B2 PING x=-0.75 y=0.41 t=1788377054
M,1788377059.84,134.708,-374.450,317.7,0.8605,
M,1788377064.97,115.746,-50.504,35.6,0.8565,B2 PING x=-0.69 y=0.82 t=1788377060
T,1788377065.25,116.635,-49.296,37.1,0.845,B2 PING x=-0.44 y=1.24 t=1788377065
S,1788377060.51,-0.690,0.820,RX=B2 PING x=-0.69 y=0.82 t=1788377060
T,1788377065.34,116.947,-48.905,40.1,0.853,
S,1788377065.02,-0.440,1.240,RX=B2 PING x=-0.44 y=1.24 t=1788377065
M,1788377068.04,110.008,-49.825,124.8,0.842,
M,1788377073.17,329.583,-434.003,175.7,0.731,B2 PING x=-0.30 y=0.80 t=1788377072
T,1788377073.45,329.583,-434.003,178.9,0.7195,
S,1788377072.40,-0.300,0.800,RX=B2 PING x=-0.30 y=0.80 t=1788377072
M,1788377076.24,333.861,-429.109,263.4,0.7565,
M,1788377081.60,-62.595,-231.443,329.6,0.8334999999999999,B2 PING x=-0.24 y=1.25 t=1788377078
T,1788377081.89,-62.595,-231.443,332.2,0.8394999999999999,
S,1788377077.89,-0.240,1.250,RX=B2 PING x=-0.24 y=1.25 t=1788377078
M,1788377086.02,-22.793,-34.933,50.7,0.9444999999999999,B2 PING x=-0.66 y=1.49 t=1788377082
T,1788377086.33,-21.157,-33.783,59.1,0.9495,
S,1788377082.28,-0.660,1.490,RX=B2 PING x=-0.66 y=1.49 t=1788377082
M,1788377089.37,23.070,-38.705,133.6,0.965,B2 PING x=-1.12 y=1.35 t=1788377087
T,1788377089.68,23.779,-39.410,136.0,0.9655,
S,1788377087.26,-1.120,1.350,RX=B2 PING x=-1.12 y=1.35 t=1788377087
M,1788377094.14,39.030,-307.977,217.5,0.9495,B2 PING x=-1.05 y=1.48 t=1788377094
T,1788377094.43,39.030,-307.977,215.2,0.9335,
S,1788377094.13,-1.050,1.480,RX=B2 PING x=-1.05 y=1.48 t=1788377094
M,1788377097.86,-50.283,-325.419,302.7,0.9875,
M,1788377103.15,-244.831,77.024,5.7,0.9455,B2 GOALSEEN x=-1.19 y=1.20
M,1788377106.33,-220.811,101.086,84.2,0.9575,B2 GOALSEEN x=-1.30 y=1.34
M,1788377111.67,168.046,-104.803,151.6,0.957,B2 GOALSEEN x=-1.16 y=1.40
M,1788377115.35,144.061,-233.588,229.5,0.9604999999999999,B2 GOALSEEN x=-1.28 y=1.38
M,1788377119.45,-28.849,-228.003,314.2,0.9265000000000001,B2 GOALSEEN x=-1.13 y=1.37
M,1788377124.43,-34.570,69.942,43.6,0.9535,B2 GOALSEEN x=-1.39 y=1.35
M,1788377127.82,22.583,76.252,123.8,0.9495,B2 GOALSEEN x=-1.23 y=1.41
M,1788377133.19,89.039,-247.498,213.0,0.991,B2 PING x=-1.26 y=1.40 t=1788377130
T,1788377133.54,89.313,-247.079,213.3,0.9955,
S,1788377129.81,-1.260,1.400,RX=B2 PING x=-1.26 y=1.40 t=1788377130
M,1788377136.26,96.121,-245.451,299.8,0.98,B2 PING x=-1.24 y=0.92 t=1788377135
T,1788377136.54,96.562,-245.686,296.1,0.982,
S,1788377134.80,-1.240,0.920,RX=B2 PING x=-1.24 y=0.92 t=1788377135
M,1788377139.35,98.605,-251.327,24.1,0.977,B2 PING x=-1.23 y=0.42 t=1788377139
T,1788377139.66,98.398,-251.783,24.6,0.9824999999999999,
S,1788377138.82,-1.230,0.420,RX=B2 PING x=-1.23 y=0.42 t=1788377139
M,1788377143.76,281.168,-166.944,105.6,0.9095,
M,1788377149.14,591.212,-493.092,167.3,0.663,B2 PING x=-1.28 y=-0.57 t=1788377148
T,1788377149.42,591.510,-494.562,169.8,0.6565000000000001,B2 PING x=-1.28 y=-0.57 t=1788377148
S,1788377144.17,-1.340,-0.070,RX=B2 PING x=-1.34 y=-0.07 t=1788377144
T,1788377149.50,591.420,-494.070,169.6,0.6595,
S,1788377148.01,-1.280,-0.570,RX=B2 PING x=-1.28 y=-0.57 t=1788377148
M,1788377152.23,595.565,-487.228,252.8,0.774,
M,1788377157.36,159.502,-403.650,308.9,0.761,B2 PING x=-1.52 y=-0.19 t=1788377153
T,1788377157.64,160.277,-404.281,309.4,0.75,
S,1788377152.69,-1.520,-0.190,RX=B2 PING x=-1.52 y=-0.19 t=1788377153
M,1788377163.28,88.585,15.136,31.2,0.615,B2 PING x=-1.40 y=-0.62 t=1788377158
T,1788377163.56,88.585,15.136,36.4,0.612,
S,1788377158.39,-1.400,-0.620,RX=B2 PING x=-1.40 y=-0.62 t=1788377158
M,1788377166.28,81.308,13.321,115.6,0.6795,
M,1788377171.68,302.052,-371.340,184.7,0.669,B2 PING x=-1.44 y=-0.71 t=1788377168
T,1788377171.96,302.139,-370.344,185.3,0.6655,
S,1788377167.90,-1.440,-0.710,RX=B2 PING x=-1.44 y=-0.71 t=1788377168
M,1788377174.65,306.807,-365.820,266.5,0.623,
M,1788377179.96,-68.756,-136.576,336.3,0.6705000000000001,
T,1788377180.24,-68.962,-136.121,335.0,0.6635,
S,1788377180.15,-0.970,-0.970,RX=B2 PING x=-0.97 y=-0.97 t=1788377180
M,1788377184.46,-8.090,64.863,58.7,0.5555000000000001,
M,1788377188.98,229.958,24.173,140.7,0.5545,
M,1788377194.21,224.672,-312.285,221.1,0.4665,
M,1788377197.25,233.148,-311.641,310.2,0.508,
M,1788377202.21,198.916,-4.039,37.1,0.5295000000000001,
M,1788377205.22,192.021,-5.243,123.1,0.5665,
M,1788377210.61,376.289,-408.650,187.8,0.4415,
M,1788377213.63,382.842,-404.061,282.2,0.468,
M,1788377219.08,58.272,-104.032,343.3,0.664,B2 PING x=-1.01 y=-0.97 t=1788377218
T,1788377219.36,58.408,-104.513,345.0,0.665,
S,1788377218.03,-1.010,-0.970,RX=B2 PING x=-1.01 y=-0.97 t=1788377218
M,1788377222.96,115.732,13.280,66.9,0.621,
