0,0.716,0.716,M
2,0.717,0.716,M
2,0.708,0.713,M
2,0.702,0.709,M
3,0.704,0.707,M
3,0.706,0.706,M
3,0.704,0.705,M
3,0.693,0.700,M
3,0.693,0.697,M
3,0.692,0.695,M
3,0.684,0.691,M
3,0.681,0.687,M
4,0.681,0.685,M
4,0.666,0.677,M
6,0.682,0.679,M
6,0.673,0.677,M
6,0.681,0.678,M
6,0.688,0.682,M
8,0.681,0.685,M
8,0.679,0.683,M
8,0.685,0.684,M
8,0.691,0.686,M
9,0.683,0.687,M
9,0.693,0.690,M
9,0.682,0.687,M
10,0.693,0.689,M
10,0.679,0.685,M
10,0.684,0.685,M
10,0.692,0.687,M
11,0.700,0.695,M
12,0.682,0.693,M
12,0.692,0.692,M
12,0.691,0.692,M
13,0.714,0.701,M
14,0.700,0.709,M
14,0.702,0.706,M
14,0.717,0.710,M
15,0.710,0.714,M
15,0.711,0.713,M
16,0.692,0.704,M
16,0.715,0.709,M
17,0.712,0.714,M
17,0.711,0.713,M
17,0.700,0.708,M
18,0.720,0.713,M
19,0.714,0.718,M
20,0.712,0.715,M
20,0.720,0.717,M
20,0.709,0.714,M
21,0.715,0.714,M
21,0.713,0.714,M
23,0.720,0.716,M
24,0.724,0.722,M
24,0.708,0.716,M
24,0.706,0.712,M
24,0.698,0.707,M
24,0.713,0.709,M
25,0.700,0.706,M
25,0.695,0.701,M
27,0.700,0.701,F
27,0.702,0.701,F
27,0.691,0.697,F
27,0.706,0.701,F
27,0.694,0.698,F
28,0.706,0.701,F
28,0.698,0.700,F
28,0.702,0.701,F
28,0.708,0.704,F
28,0.698,0.701,F
28,0.702,0.701,F
28,0.697,0.700,F
29,0.685,0.694,F
29,0.690,0.692,F
29,0.698,0.695,F
29,0.704,0.699,F
29,0.693,0.696,F
29,0.690,0.694,F
29,0.702,0.697,F
29,0.694,0.696,F
30,0.688,0.693,F
30,0.690,0.692,F
30,0.698,0.694,F
30,0.691,0.693,F
30,0.692,0.692,F
30,0.697,0.694,F
31,0.687,0.691,F
31,0.706,0.697,F
31,0.694,0.696,F
31,0.696,0.696,F
31,0.702,0.699,F
31,0.696,0.697,F
31,0.703,0.700,F
31,0.695,0.698,F
32,0.695,0.697,F
32,0.686,0.693,F
32,0.702,0.697,F
32,0.698,0.697,F
32,0.702,0.699,F
32,0.692,0.696,F
32,0.692,0.695,F
33,0.696,0.695,F
33,0.702,0.698,F
33,0.696,0.697,F
33,0.696,0.696,F
33,0.682,0.691,F
33,0.696,0.693,F
33,0.694,0.693,F
34,0.694,0.694,F
34,0.694,0.694,F
34,0.695,0.694,F
34,0.700,0.697,F
34,0.698,0.697,F
34,0.697,0.697,F
34,0.700,0.698,F
34,0.693,0.696,F
35,0.691,0.694,F
35,0.703,0.698,F
35,0.692,0.695,F
35,0.680,0.689,F
35,0.693,0.691,F
35,0.709,0.698,F
35,0.696,0.697,F
36,0.702,0.699,F
36,0.694,0.697,F
36,0.704,0.700,F
36,0.696,0.698,F
36,0.694,0.696,F
36,0.700,0.698,F
36,0.694,0.696,F
37,0.704,0.699,F
37,0.699,0.699,F
37,0.708,0.703,F
37,0.699,0.701,F
37,0.704,0.702,F
37,0.692,0.698,F
37,0.692,0.696,F
37,0.698,0.697,F
38,0.686,0.693,F
38,0.704,0.697,F
38,0.699,0.698,F
38,0.702,0.700,F
38,0.694,0.697,F
38,0.698,0.698,F
38,0.706,0.701,F
39,0.712,0.705,F
39,0.704,0.705,F
39,0.706,0.705,F
39,0.692,0.700,F
39,0.708,0.703,F
39,0.698,0.701,F
39,0.689,0.696,F
39,0.707,0.700,F
40,0.693,0.697,F
40,0.701,0.699,F
40,0.710,0.703,F
40,0.708,0.705,F
40,0.698,0.702,F
40,0.704,0.703,F
40,0.699,0.701,F
41,0.706,0.703,F
41,0.706,0.704,F
41,0.700,0.703,F
41,0.713,0.707,F
41,0.704,0.706,F
41,0.700,0.703,F
41,0.718,0.709,F
42,0.704,0.707,F
42,0.716,0.711,F
42,0.702,0.707,F
42,0.705,0.706,F
42,0.702,0.705,F
42,0.704,0.704,F
42,0.708,0.706,F
42,0.694,0.701,F
43,0.700,0.701,F
43,0.706,0.703,F
43,0.694,0.700,F
43,0.712,0.705,F
43,0.708,0.706,F
43,0.701,0.704,F
43,0.704,0.704,F
44,0.703,0.704,F
44,0.704,0.704,F
44,0.704,0.704,F
44,0.702,0.703,F
44,0.700,0.702,F
44,0.715,0.707,F
44,0.702,0.705,F
44,0.703,0.704,F
45,0.698,0.701,F
45,0.703,0.702,F
45,0.700,0.701,F
45,0.715,0.707,F
45,0.703,0.705,F
45,0.702,0.704,F
45,0.703,0.704,F
46,0.705,0.704,F
46,0.710,0.707,F
46,0.700,0.704,F
46,0.700,0.702,F
46,0.700,0.701,F
46,0.702,0.701,F
46,0.706,0.703,F
47,0.710,0.706,F
47,0.708,0.706,F
47,0.711,0.708,F
47,0.709,0.709,F
47,0.706,0.708,F
47,0.697,0.703,F
47,0.708,0.705,F
47,0.708,0.707,F
48,0.706,0.706,F
48,0.694,0.702,F
48,0.706,0.703,F
48,0.704,0.704,F
48,0.708,0.706,F
48,0.715,0.709,F
48,0.704,0.707,F
49,0.706,0.707,F
49,0.703,0.705,F
49,0.710,0.707,F
49,0.715,0.710,F
49,0.696,0.704,F
49,0.710,0.707,F
49,0.704,0.706,F
49,0.713,0.709,F
50,0.704,0.707,F
50,0.708,0.707,F
50,0.702,0.705,F
50,0.702,0.704,F
50,0.704,0.704,F
50,0.705,0.705,F
50,0.698,0.702,F
51,0.720,0.709,F
51,0.711,0.710,F
51,0.709,0.710,F
51,0.708,0.709,F
51,0.710,0.710,F
51,0.695,0.704,F
51,0.717,0.709,F
51,0.704,0.707,F
52,0.711,0.709,F
52,0.708,0.709,F
52,0.700,0.705,M
52,0.719,0.711,M
53,0.701,0.712,M
53,0.690,0.703,M
53,0.706,0.704,M
54,0.703,0.704,M
54,0.695,0.700,M
54,0.686,0.695,M
54,0.696,0.695,M
54,0.689,0.693,M
54,0.689,0.691,M
54,0.683,0.688,M
55,0.673,0.682,M
55,0.673,0.678,M
55,0.681,0.679,M
55,0.678,0.679,M
57,0.661,0.672,M
59,0.657,0.666,M
61,0.675,0.669,M
63,0.669,0.672,M
63,0.669,0.671,M
63,0.675,0.673,M
63,0.675,0.674,M
63,0.686,0.679,M
64,0.685,0.686,M
64,0.687,0.686,M
65,0.682,0.685,M
65,0.696,0.689,M
66,0.696,0.696,M
66,0.693,0.695,M
66,0.706,0.699,M
67,0.702,0.704,M
68,0.707,0.705,M
68,0.708,0.706,M
68,0.710,0.707,M
68,0.703,0.706,M
69,0.706,0.706,M
70,0.704,0.705,M
70,0.709,0.707,M
71,0.711,0.709,M
71,0.722,0.714,M
71,0.714,0.714,M
72,0.711,0.713,M
72,0.714,0.713,M
72,0.710,0.712,M
72,0.714,0.713,M
72,0.724,0.717,M
73,0.715,0.720,M
73,0.718,0.719,M
74,0.723,0.721,M
74,0.709,0.716,M
75,0.724,0.719,M
75,0.720,0.719,M
75,0.718,0.719,M
75,0.714,0.717,M
75,0.718,0.717,M
75,0.718,0.718,M
75,0.718,0.718,M
75,0.723,0.720,M
75,0.720,0.720,M
75,0.718,0.719,M
76,0.718,0.719,M
76,0.715,0.717,M
76,0.719,0.718,M
76,0.722,0.719,M
76,0.720,0.720,M
76,0.726,0.722,M
76,0.718,0.720,M
76,0.724,0.722,M
77,0.724,0.723,F
77,0.711,0.718,F
78,0.712,0.715,F
78,0.716,0.715,F
78,0.724,0.719,F
78,0.720,0.720,F
78,0.725,0.722,F
78,0.718,0.720,F
78,0.720,0.720,F
78,0.714,0.718,F
79,0.717,0.717,F
79,0.716,0.717,F
79,0.716,0.716,F
79,0.710,0.714,F
79,0.714,0.714,F
79,0.726,0.719,F
79,0.716,0.718,F
80,0.712,0.716,F
80,0.724,0.719,F
80,0.721,0.720,F
80,0.722,0.721,F
80,0.718,0.720,F
80,0.714,0.717,F
80,0.728,0.722,F
81,0.719,0.721,F
81,0.718,0.720,F
81,0.722,0.721,F
81,0.710,0.716,F
81,0.720,0.718,F
81,0.714,0.716,F
81,0.710,0.714,F
81,0.720,0.716,F
82,0.724,0.719,F
82,0.718,0.719,F
82,0.716,0.718,F
82,0.722,0.719,F
82,0.728,0.723,F
82,0.724,0.723,F
82,0.720,0.722,F
83,0.724,0.723,F
83,0.714,0.719,F
83,0.722,0.720,F
83,0.722,0.721,F
83,0.722,0.721,F
83,0.714,0.718,F
83,0.718,0.718,F
84,0.720,0.719,F
84,0.722,0.720,F
84,0.722,0.721,F
84,0.714,0.718,F
84,0.718,0.718,F
84,0.714,0.717,F
84,0.732,0.723,F
85,0.718,0.721,F
85,0.720,0.720,F
85,0.720,0.720,F
85,0.718,0.719,F
85,0.730,0.724,F
85,0.707,0.717,F
85,0.717,0.717,F
86,0.710,0.714,F
86,0.719,0.716,F
86,0.722,0.718,F
86,0.713,0.716,F
86,0.718,0.717,F
86,0.720,0.718,F
86,0.721,0.719,F
86,0.724,0.721,F
87,0.717,0.719,F
87,0.730,0.723,F
87,0.722,0.723,F
87,0.716,0.720,F
87,0.725,0.722,F
87,0.729,0.725,F
87,0.735,0.729,F
88,0.742,0.734,F
88,0.745,0.738,F
88,0.748,0.742,F
88,0.742,0.742,F
88,0.736,0.740,F
88,0.733,0.737,F
88,0.736,0.736,F
89,0.723,0.731,F
89,0.730,0.731,F
89,0.726,0.729,F
89,0.713,0.722,F
89,0.710,0.717,F
89,0.708,0.714,F
89,0.707,0.711,F
89,0.708,0.710,F
90,0.708,0.709,F
90,0.710,0.709,F
90,0.710,0.710,F
90,0.704,0.707,F
90,0.704,0.706,F
90,0.716,0.710,F
90,0.709,0.709,F
91,0.712,0.711,F
91,0.708,0.710,F
91,0.712,0.711,F
91,0.700,0.707,F
91,0.707,0.707,F
91,0.705,0.706,F
91,0.712,0.708,F
91,0.709,0.709,F
92,0.700,0.705,F
92,0.709,0.707,F
92,0.708,0.707,F
92,0.709,0.708,F
92,0.706,0.707,F
92,0.702,0.705,F
92,0.710,0.707,F
93,0.698,0.703,F
93,0.687,0.697,F
93,0.688,0.693,F
93,0.675,0.686,F
93,0.666,0.678,F
93,0.665,0.673,F
93,0.654,0.665,F
94,0.663,0.664,F
94,0.651,0.659,F
94,0.652,0.656,F
94,0.640,0.650,F
94,0.639,0.645,F
94,0.630,0.639,F
94,0.616,0.630,F
94,0.635,0.632,F
95,0.614,0.625,F
95,0.619,0.622,F
95,0.609,0.617,F
95,0.615,0.616,F
95,0.590,0.606,F
95,0.602,0.604,F
95,0.597,0.601,F
96,0.595,0.599,F
96,0.587,0.594,F
96,0.577,0.587,F
96,0.579,0.584,F
96,0.579,0.582,F
96,0.575,0.579,F
96,0.573,0.577,F
97,0.563,0.571,F
97,0.575,0.572,F
97,0.552,0.564,F
97,0.550,0.558,F
97,0.540,0.551,F
97,0.552,0.551,F
97,0.551,0.551,F
97,0.547,0.550,F
98,0.550,0.550,F
98,0.544,0.548,F
98,0.556,0.551,F
98,0.550,0.551,F
98,0.550,0.550,F
98,0.554,0.552,F
98,0.536,0.545,F
99,0.554,0.549,F
99,0.541,0.546,F
99,0.558,0.551,F
99,0.551,0.551,F
99,0.549,0.550,F
99,0.552,0.551,F
99,0.542,0.547,F
99,0.555,0.550,F
100,0.557,0.553,F
100,0.565,0.558,F
100,0.572,0.564,F
100,0.558,0.561,F
100,0.560,0.561,F
100,0.569,0.564,F
100,0.560,0.562,F
101,0.559,0.561,F
101,0.565,0.562,F
101,0.575,0.567,F
101,0.561,0.565,F
101,0.561,0.563,F
101,0.566,0.564,F
102,0.559,0.562,F
102,0.560,0.562,F
102,0.579,0.568,F
102,0.587,0.576,F
102,0.583,0.579,F
102,0.587,0.582,M
103,0.619,0.597,M
105,0.648,0.631,M
106,0.655,0.641,M
107,0.730,0.685,M
108,0.776,0.721,M
109,0.811,0.790,M
110,0.833,0.807,M
111,0.835,0.834,M
111,0.820,0.828,M
112,0.825,0.827,M
112,0.822,0.825,M
112,0.820,0.823,M
112,0.826,0.824,M
112,0.812,0.819,M
112,0.821,0.820,M
112,0.821,0.820,M
112,0.837,0.827,M
114,0.849,0.842,M
115,0.846,0.848,M
115,0.843,0.846,M
115,0.843,0.845,M
115,0.851,0.847,M
115,0.854,0.850,M
117,0.861,0.857,M
118,0.861,0.861,M
118,0.871,0.865,M
119,0.856,0.865,M
119,0.860,0.863,M
120,0.842,0.855,M
120,0.834,0.846,M
120,0.835,0.842,M
120,0.837,0.840,M
120,0.830,0.836,M
120,0.822,0.830,M
122,0.775,0.808,M
122,0.776,0.796,M
122,0.772,0.786,M
123,0.760,0.775,M
123,0.770,0.773,M
123,0.766,0.770,M
123,0.764,0.767,M
123,0.760,0.764,M
123,0.758,0.762,M
123,0.756,0.760,M
124,0.742,0.753,M
124,0.741,0.748,M
124,0.745,0.747,M
124,0.756,0.750,M
125,0.749,0.753,M
125,0.740,0.748,M
125,0.744,0.746,M
126,0.741,0.744,M
126,0.750,0.747,M
126,0.748,0.747,M
126,0.757,0.751,M
127,0.740,0.750,M
129,0.738,0.745,F
129,0.734,0.741,F
129,0.744,0.742,F
130,0.728,0.736,F
130,0.740,0.738,F
130,0.743,0.740,F
130,0.744,0.742,F
130,0.732,0.738,F
130,0.736,0.737,F
130,0.739,0.738,F
130,0.731,0.735,F
131,0.742,0.738,F
131,0.743,0.740,F
131,0.738,0.739,F
131,0.737,0.738,F
131,0.734,0.737,F
131,0.746,0.740,F
131,0.744,0.742,F
131,0.732,0.738,F
132,0.734,0.736,F
132,0.740,0.738,F
132,0.746,0.741,F
132,0.744,0.743,F
132,0.738,0.741,F
132,0.736,0.739,F
132,0.748,0.743,F
133,0.740,0.742,F
133,0.744,0.742,F
133,0.742,0.742,F
133,0.746,0.744,F
133,0.742,0.743,F
133,0.744,0.743,F
133,0.736,0.740,F
133,0.741,0.741,F
134,0.742,0.741,F
134,0.740,0.741,F
134,0.754,0.746,F
134,0.742,0.744,F
134,0.744,0.744,F
134,0.740,0.742,F
134,0.741,0.742,F
135,0.736,0.740,F
135,0.746,0.742,F
135,0.742,0.742,F
135,0.734,0.739,F
135,0.742,0.740,F
135,0.739,0.740,F
135,0.751,0.744,F
135,0.736,0.741,F
136,0.742,0.741,F
136,0.744,0.742,F
136,0.744,0.743,F
136,0.729,0.737,F
136,0.745,0.740,F
136,0.752,0.745,F
136,0.730,0.739,F
137,0.741,0.740,F
137,0.744,0.741,F
137,0.740,0.741,F
137,0.737,0.739,F
137,0.742,0.740,F
137,0.733,0.737,F
137,0.745,0.740,F
138,0.744,0.742,F
138,0.739,0.741,F
138,0.737,0.739,F
138,0.732,0.737,F
138,0.742,0.739,F
138,0.737,0.738,F
138,0.742,0.739,F
139,0.740,0.740,F
139,0.738,0.739,F
139,0.732,0.736,F
139,0.740,0.738,F
139,0.741,0.739,F
139,0.745,0.742,F
139,0.738,0.740,F
140,0.745,0.742,F
140,0.741,0.742,F
140,0.736,0.739,F
140,0.739,0.739,F
140,0.750,0.744,F
140,0.747,0.745,F
140,0.725,0.737,F
140,0.747,0.741,F
141,0.740,0.741,F
141,0.735,0.738,F
141,0.742,0.740,F
141,0.731,0.736,F
141,0.742,0.739,F
141,0.739,0.739,F
141,0.753,0.744,F
142,0.735,0.741,F
142,0.741,0.741,F
142,0.738,0.740,F
142,0.737,0.739,F
142,0.742,0.740,F
142,0.734,0.737,F
142,0.732,0.735,F
143,0.741,0.738,F
143,0.737,0.737,F
143,0.740,0.738,F
143,0.735,0.737,F
143,0.738,0.738,F
143,0.730,0.735,F
143,0.748,0.740,F
144,0.743,0.741,F
144,0.735,0.739,F
144,0.740,0.739,F
144,0.738,0.739,F
144,0.736,0.738,F
144,0.744,0.741,F
144,0.748,0.743,F
144,0.738,0.741,F
145,0.748,0.744,F
145,0.739,0.742,F
145,0.740,0.741,F
145,0.736,0.739,F
145,0.735,0.737,F
145,0.740,0.738,F
145,0.742,0.740,F
146,0.738,0.739,F
146,0.738,0.739,F
146,0.742,0.740,F
146,0.746,0.743,F
146,0.746,0.744,F
146,0.748,0.746,F
146,0.740,0.743,F
147,0.746,0.744,F
147,0.745,0.744,F
147,0.737,0.741,F
147,0.739,0.740,F
147,0.741,0.741,F
147,0.745,0.742,F
147,0.737,0.740,F
147,0.739,0.740,F
148,0.750,0.744,F
148,0.737,0.741,F
148,0.748,0.744,F
148,0.734,0.740,F
148,0.739,0.740,F
148,0.736,0.738,F
148,0.730,0.735,F
149,0.744,0.739,F
149,0.742,0.740,F
149,0.740,0.740,F
149,0.736,0.739,F
149,0.740,0.739,F
149,0.730,0.735,F
149,0.730,0.733,F
150,0.748,0.739,F
150,0.742,0.740,F
150,0.743,0.741,F
150,0.746,0.743,F
150,0.742,0.743,F
150,0.742,0.743,F
150,0.748,0.745,F
151,0.733,0.740,F
151,0.730,0.736,F
151,0.736,0.736,F
151,0.739,0.737,F
151,0.732,0.735,F
151,0.733,0.734,F
151,0.732,0.733,F
152,0.724,0.730,F
152,0.740,0.734,F
152,0.740,0.736,F
152,0.734,0.735,F
152,0.743,0.738,F
152,0.732,0.736,F
152,0.738,0.737,F
153,0.743,0.739,F
153,0.746,0.742,F
153,0.749,0.745,F
153,0.730,0.739,F
153,0.743,0.741,F
153,0.736,0.739,F
153,0.744,0.741,F
154,0.742,0.742,F
154,0.742,0.742,F
154,0.731,0.737,F
154,0.734,0.736,F
154,0.749,0.741,M
155,0.750,0.750,M
157,0.764,0.756,M
159,0.770,0.767,M
160,0.784,0.774,M
161,0.800,0.790,M
162,0.811,0.804,M
164,0.818,0.814,M
164,0.827,0.819,M
165,0.819,0.824,M
166,0.827,0.825,M
166,0.807,0.818,M
166,0.815,0.817,M
167,0.810,0.814,M
167,0.810,0.813,M
167,0.808,0.811,M
167,0.809,0.810,M
167,0.816,0.812,M
167,0.805,0.809,M
168,0.810,0.810,M
168,0.808,0.809,M
168,0.821,0.814,M
169,0.812,0.817,M
169,0.812,0.815,M
169,0.814,0.815,M
169,0.821,0.817,M
170,0.816,0.817,M
170,0.827,0.821,M
171,0.825,0.826,M
171,0.827,0.827,M
171,0.824,0.826,M
171,0.831,0.828,M
173,0.839,0.832,M
174,0.829,0.835,M
174,0.835,0.835,M
174,0.842,0.838,M
175,0.825,0.835,M
178,0.837,0.836,M
178,0.848,0.841,M
179,0.859,0.852,M
180,0.905,0.873,F
180,0.911,0.888,F
181,0.902,0.894,F
181,0.921,0.905,F
181,0.917,0.910,F
181,0.930,0.918,F
181,0.931,0.923,F
181,0.925,0.924,F
181,0.941,0.931,F
182,0.942,0.935,F
182,0.944,0.939,F
182,0.948,0.943,F
182,0.954,0.947,F
182,0.954,0.950,F
182,0.954,0.952,F
182,0.958,0.954,F
182,0.958,0.956,F
183,0.958,0.957,F
183,0.966,0.960,F
183,0.966,0.962,F
183,0.964,0.963,F
183,0.961,0.962,F
183,0.970,0.965,F
183,0.958,0.962,F
184,0.980,0.969,F
184,0.966,0.968,F
184,0.960,0.965,F
184,0.970,0.967,F
184,0.969,0.968,F
184,0.974,0.970,F
184,0.972,0.971,F
184,0.971,0.971,F
185,0.969,0.970,F
185,0.970,0.970,F
185,0.965,0.968,F
185,0.965,0.967,F
185,0.978,0.972,F
185,0.975,0.973,F
185,0.964,0.970,F
186,0.968,0.969,F
186,0.970,0.969,F
186,0.962,0.966,F
186,0.958,0.963,F
186,0.970,0.966,F
186,0.974,0.969,F
186,0.974,0.971,F
186,0.968,0.970,F
187,0.968,0.969,F
187,0.961,0.966,F
187,0.976,0.970,F
187,0.974,0.972,F
187,0.960,0.967,F
187,0.976,0.970,F
187,0.970,0.970,F
188,0.979,0.974,F
188,0.976,0.974,F
188,0.962,0.969,F
188,0.971,0.970,F
188,0.964,0.967,F
188,0.960,0.965,F
188,0.974,0.969,F
189,0.964,0.967,F
189,0.975,0.970,F
189,0.973,0.971,F
189,0.969,0.970,F
189,0.966,0.969,F
189,0.966,0.967,F
189,0.966,0.967,F
190,0.970,0.968,F
190,0.968,0.968,F
190,0.974,0.970,F
190,0.976,0.972,F
190,0.966,0.970,F
190,0.976,0.972,F
190,0.973,0.973,F
190,0.974,0.973,F
191,0.972,0.973,F
191,0.968,0.971,F
191,0.972,0.971,F
191,0.966,0.969,F
191,0.962,0.967,F
191,0.970,0.968,F
191,0.972,0.970,F
192,0.970,0.970,F
192,0.972,0.971,F
192,0.960,0.967,F
192,0.972,0.969,F
192,0.965,0.967,F
192,0.969,0.968,F
192,0.973,0.970,F
193,0.960,0.966,F
193,0.972,0.968,F
193,0.965,0.967,F
193,0.975,0.970,F
193,0.976,0.972,F
193,0.971,0.972,F
193,0.970,0.971,F
194,0.962,0.968,F
194,0.966,0.967,F
194,0.963,0.965,F
194,0.961,0.964,F
194,0.966,0.965,F
194,0.962,0.964,F
194,0.964,0.964,F
195,0.969,0.966,F
195,0.970,0.968,F
195,0.978,0.972,F
195,0.976,0.974,F
195,0.976,0.975,F
195,0.962,0.970,F
195,0.970,0.970,F
195,0.972,0.971,F
196,0.966,0.969,F
196,0.977,0.972,F
196,0.962,0.968,F
196,0.972,0.970,F
196,0.974,0.972,F
196,0.970,0.971,F
196,0.966,0.969,F
197,0.974,0.971,F
197,0.972,0.971,F
197,0.970,0.971,F
197,0.966,0.969,F
197,0.967,0.968,F
197,0.970,0.969,F
197,0.974,0.971,F
197,0.958,0.966,F
198,0.966,0.966,F
198,0.978,0.971,F
198,0.964,0.968,F
198,0.967,0.968,F
198,0.966,0.967,F
198,0.961,0.965,F
198,0.966,0.965,F
198,0.969,0.967,F
199,0.966,0.966,F
199,0.976,0.970,F
199,0.958,0.965,F
199,0.972,0.968,F
199,0.971,0.969,F
199,0.960,0.965,F
199,0.962,0.964,F
200,0.975,0.968,F
200,0.965,0.967,F
200,0.964,0.966,F
200,0.974,0.969,F
200,0.964,0.967,F
200,0.969,0.968,F
200,0.962,0.966,F
200,0.974,0.969,F
201,0.970,0.969,F
201,0.964,0.967,F
201,0.964,0.966,F
201,0.963,0.965,F
201,0.962,0.964,F
201,0.962,0.963,F
202,0.963,0.963,F
202,0.960,0.962,F
202,0.959,0.961,F
202,0.968,0.963,F
202,0.953,0.959,F
202,0.964,0.961,F
202,0.955,0.959,F
202,0.967,0.962,F
203,0.945,0.955,F
203,0.940,0.949,F
203,0.949,0.949,F
203,0.962,0.954,F
203,0.947,0.951,F
203,0.950,0.951,F
203,0.942,0.948,F
204,0.960,0.952,F
204,0.944,0.949,F
204,0.942,0.946,F
204,0.946,0.946,F
204,0.956,0.950,F
204,0.955,0.952,F
204,0.948,0.950,F
205,0.952,0.951,F
205,0.948,0.950,F
205,0.956,0.952,F
205,0.942,0.948,F
205,0.942,0.945,F
205,0.956,0.949,F
205,0.946,0.948,M
206,0.946,0.947,M
206,0.942,0.945,M
206,0.948,0.946,M
206,0.945,0.945,M
206,0.941,0.943,M
206,0.944,0.944,M
206,0.931,0.939,M
207,0.935,0.937,M
207,0.936,0.937,M
207,0.938,0.937,M
207,0.938,0.937,M
207,0.937,0.937,M
207,0.930,0.934,M
207,0.930,0.933,M
208,0.925,0.929,M
208,0.913,0.923,M
208,0.916,0.920,M
208,0.921,0.921,M
208,0.915,0.919,M
208,0.923,0.920,M
208,0.909,0.915,M
209,0.911,0.913,M
209,0.903,0.909,M
209,0.909,0.909,M
209,0.895,0.904,M
209,0.891,0.898,M
209,0.897,0.898,M
210,0.898,0.898,M
210,0.897,0.897,M
210,0.893,0.895,M
210,0.883,0.891,M
210,0.877,0.885,M
210,0.883,0.884,M
210,0.883,0.884,M
210,0.882,0.883,M
211,0.877,0.880,M
211,0.878,0.879,M
211,0.867,0.874,M
211,0.870,0.873,M
211,0.871,0.872,M
211,0.857,0.866,M
211,0.870,0.868,M
212,0.862,0.865,M
212,0.855,0.861,M
212,0.854,0.858,M
212,0.847,0.854,M
212,0.852,0.853,M
212,0.848,0.851,M
212,0.849,0.850,M
213,0.835,0.844,M
213,0.835,0.840,M
213,0.835,0.838,M
213,0.827,0.834,M
213,0.831,0.832,M
213,0.827,0.830,M
213,0.819,0.826,M
213,0.829,0.827,M
216,0.827,0.827,M
218,0.818,0.823,M
218,0.821,0.822,M
218,0.827,0.824,M
218,0.831,0.827,M
219,0.833,0.832,M
219,0.841,0.835,M
220,0.829,0.836,M
221,0.821,0.830,M
221,0.833,0.831,M
221,0.835,0.833,M
221,0.826,0.830,M
221,0.825,0.828,M
221,0.828,0.828,M
221,0.821,0.825,M
221,0.828,0.826,M
222,0.819,0.823,M
222,0.823,0.823,M
222,0.818,0.821,M
222,0.816,0.819,M
222,0.815,0.817,M
222,0.819,0.818,M
222,0.816,0.817,M
223,0.809,0.814,M
223,0.821,0.817,M
223,0.808,0.813,M
223,0.806,0.810,M
223,0.801,0.807,M
223,0.800,0.804,M
223,0.810,0.807,M
224,0.808,0.807,M
224,0.801,0.805,M
224,0.783,0.796,M
224,0.790,0.794,M
224,0.789,0.792,M
224,0.794,0.793,M
224,0.790,0.792,M
225,0.789,0.791,M
225,0.785,0.788,M
225,0.781,0.785,M
225,0.766,0.778,M
225,0.786,0.781,M
226,0.760,0.775,M
226,0.768,0.773,M
226,0.746,0.762,M
227,0.758,0.760,M
227,0.742,0.753,M
227,0.744,0.749,M
227,0.742,0.746,M
227,0.740,0.744,M
227,0.730,0.738,M
227,0.720,0.731,M
228,0.714,0.724,M
228,0.704,0.716,M
228,0.706,0.712,M
228,0.687,0.702,M
228,0.692,0.698,M
228,0.677,0.689,M
228,0.681,0.686,M
228,0.665,0.678,M
229,0.649,0.666,M
229,0.659,0.663,M
229,0.659,0.661,M
230,0.629,0.648,M
230,0.621,0.637,M
230,0.626,0.633,M
230,0.627,0.631,M
230,0.615,0.624,M
230,0.613,0.620,F
231,0.595,0.610,F
231,0.616,0.612,F
231,0.606,0.610,F
231,0.595,0.604,F
231,0.587,0.597,F
231,0.591,0.595,F
231,0.583,0.590,F
232,0.599,0.594,F
232,0.575,0.586,F
232,0.584,0.585,F
232,0.583,0.584,F
232,0.590,0.587,F
232,0.577,0.583,F
232,0.569,0.577,F
232,0.577,0.577,F
233,0.567,0.573,F
233,0.573,0.573,F
233,0.581,0.576,F
233,0.574,0.575,F
233,0.577,0.576,F
233,0.568,0.573,F
233,0.572,0.572,F
234,0.565,0.569,F
234,0.563,0.567,F
234,0.573,0.569,F
234,0.572,0.570,F
234,0.577,0.573,F
234,0.572,0.572,F
234,0.567,0.570,F
234,0.564,0.568,F
235,0.569,0.568,F
235,0.576,0.571,F
235,0.574,0.572,F
235,0.570,0.571,F
235,0.576,0.573,F
235,0.562,0.569,F
235,0.572,0.570,F
236,0.569,0.569,F
236,0.572,0.570,F
236,0.567,0.569,F
236,0.573,0.571,F
236,0.567,0.569,F
236,0.567,0.568,F
236,0.575,0.571,F
237,0.572,0.571,F
237,0.566,0.569,F
237,0.571,0.570,F
237,0.572,0.571,F
237,0.554,0.564,F
237,0.567,0.565,F
237,0.571,0.568,F
238,0.561,0.565,F
238,0.558,0.562,F
238,0.575,0.567,F
238,0.571,0.569,F
238,0.573,0.570,F
238,0.570,0.570,F
238,0.568,0.569,F
238,0.562,0.567,F
239,0.572,0.569,F
239,0.571,0.570,F
239,0.566,0.568,F
239,0.571,0.570,F
239,0.567,0.568,F
239,0.568,0.568,F
239,0.573,0.570,F
239,0.575,0.572,F
240,0.568,0.570,F
240,0.573,0.571,F
240,0.565,0.569,F
240,0.567,0.568,F
240,0.557,0.563,F
240,0.578,0.569,F
240,0.568,0.569,F
241,0.575,0.571,F
241,0.559,0.567,F
241,0.566,0.566,F
241,0.577,0.571,F
241,0.562,0.567,F
241,0.583,0.573,F
241,0.559,0.568,F
242,0.565,0.566,F
242,0.573,0.569,F
242,0.566,0.568,F
242,0.575,0.570,F
242,0.574,0.572,F
242,0.568,0.570,F
242,0.567,0.569,F
242,0.575,0.571,F
243,0.561,0.567,F
243,0.573,0.570,F
243,0.571,0.570,F
243,0.576,0.572,F
243,0.571,0.572,F
243,0.573,0.572,F
243,0.569,0.571,F
244,0.577,0.573,F
244,0.566,0.570,F
244,0.575,0.572,F
244,0.568,0.570,F
244,0.568,0.569,F
244,0.568,0.569,F
245,0.572,0.570,F
245,0.567,0.569,F
245,0.574,0.571,F
245,0.581,0.575,F
245,0.562,0.570,F
245,0.569,0.570,F
245,0.567,0.569,F
246,0.569,0.569,F
246,0.560,0.565,F
246,0.572,0.568,F
246,0.567,0.568,F
246,0.572,0.570,F
246,0.565,0.568,F
246,0.579,0.572,F
246,0.573,0.572,F
247,0.575,0.573,F
247,0.558,0.567,F
247,0.563,0.565,F
247,0.563,0.564,F
247,0.577,0.569,F
247,0.575,0.572,F
247,0.570,0.571,F
248,0.565,0.569,F
248,0.561,0.566,F
248,0.575,0.569,F
248,0.564,0.567,F
248,0.572,0.569,F
248,0.567,0.568,F
248,0.582,0.574,F
248,0.569,0.572,F
249,0.571,0.571,F
249,0.574,0.572,F
249,0.562,0.568,F
249,0.575,0.571,F
249,0.571,0.571,F
249,0.561,0.567,F
249,0.585,0.575,F
250,0.573,0.574,F
250,0.565,0.570,F
250,0.581,0.575,F
250,0.577,0.575,F
250,0.565,0.571,F
250,0.571,0.571,F
250,0.577,0.573,F
250,0.573,0.573,F
251,0.567,0.571,F
251,0.566,0.569,F
251,0.571,0.570,F
251,0.575,0.572,F
251,0.571,0.572,F
251,0.571,0.571,F
251,0.568,0.570,F
252,0.581,0.574,F
252,0.577,0.575,F
252,0.574,0.575,F
252,0.569,0.572,F
252,0.571,0.572,F
252,0.565,0.569,F
252,0.570,0.570,F
253,0.575,0.572,F
253,0.572,0.572,F
253,0.581,0.575,F
253,0.577,0.576,F
253,0.571,0.574,F
253,0.573,0.573,F
253,0.565,0.570,F
253,0.572,0.571,F
254,0.575,0.573,F
254,0.580,0.576,F
254,0.571,0.574,F
254,0.564,0.570,F
254,0.560,0.566,F
254,0.569,0.567,F
254,0.582,0.573,F
254,0.567,0.571,F
255,0.578,0.574,F
255,0.574,0.574,F
255,0.571,0.572,F
255,0.573,0.573,F
255,0.578,0.575,F
255,0.579,0.577,F
255,0.569,0.574,M
256,0.556,0.567,M
256,0.568,0.567,M
256,0.558,0.563,M
256,0.565,0.564,M
256,0.559,0.562,M
256,0.564,0.563,M
256,0.558,0.561,M
257,0.562,0.561,M
257,0.560,0.561,M
257,0.562,0.562,M
257,0.550,0.557,M
257,0.550,0.554,M
257,0.557,0.556,M
257,0.545,0.551,M
257,0.540,0.547,M
258,0.551,0.548,M
258,0.551,0.549,M
258,0.538,0.545,M
258,0.543,0.544,M
258,0.550,0.546,M
258,0.530,0.540,M
258,0.536,0.538,M
259,0.518,0.530,M
259,0.532,0.531,M
259,0.518,0.526,M
259,0.534,0.529,M
260,0.531,0.533,M
262,0.527,0.530,M
262,0.528,0.529,M
264,0.533,0.531,M
264,0.525,0.529,M
264,0.532,0.530,M
264,0.542,0.535,M
265,0.532,0.538,M
266,0.535,0.537,M
266,0.541,0.538,M
266,0.546,0.541,M
267,0.545,0.545,M
267,0.543,0.544,M
267,0.552,0.547,M
269,0.555,0.553,M
269,0.545,0.550,M
269,0.554,0.552,M
269,0.553,0.552,M
269,0.541,0.548,M
269,0.547,0.547,M
269,0.548,0.548,M
270,0.552,0.550,M
271,0.588,0.565,M
272,0.614,0.598,M
273,0.643,0.625,M
274,0.665,0.651,M
276,0.696,0.677,M
277,0.685,0.692,M
277,0.687,0.690,M
277,0.688,0.689,M
277,0.685,0.687,M
277,0.689,0.688,M
278,0.702,0.694,M
279,0.709,0.705,M
280,0.702,0.706,M
280,0.697,0.703,M
281,0.692,0.698,F
281,0.698,0.698,F
281,0.698,0.698,F
281,0.697,0.697,F
281,0.706,0.701,F
281,0.709,0.704,F
281,0.696,0.701,F
281,0.687,0.695,F
282,0.702,0.698,F
282,0.691,0.695,F
282,0.687,0.692,F
282,0.702,0.696,F
282,0.695,0.695,F
282,0.689,0.693,F
282,0.707,0.699,F
283,0.702,0.700,F
283,0.700,0.700,F
283,0.696,0.698,F
283,0.696,0.698,F
283,0.695,0.697,F
283,0.696,0.697,F
283,0.700,0.698,F
283,0.694,0.696,F
284,0.700,0.698,F
284,0.696,0.697,F
284,0.697,0.697,F
284,0.700,0.698,F
284,0.690,0.695,F
284,0.702,0.698,F
284,0.698,0.698,F
285,0.697,0.697,F
285,0.710,0.702,F
285,0.696,0.700,F
285,0.696,0.698,F
285,0.695,0.697,F
285,0.698,0.697,F
285,0.695,0.696,F
285,0.700,0.698,F
286,0.696,0.697,F
286,0.698,0.697,F
286,0.697,0.697,F
286,0.696,0.697,F
286,0.701,0.699,F
286,0.696,0.697,F
287,0.695,0.696,F
287,0.688,0.693,F
287,0.692,0.693,F
287,0.690,0.691,F
287,0.698,0.694,F
287,0.696,0.695,F
287,0.699,0.697,F
287,0.707,0.701,F
288,0.700,0.701,F
288,0.694,0.698,F
288,0.685,0.693,F
288,0.690,0.691,F
288,0.692,0.692,F
288,0.698,0.694,F
288,0.696,0.695,F
289,0.695,0.695,F
289,0.700,0.697,F
289,0.699,0.698,F
289,0.700,0.699,F
289,0.702,0.700,F
289,0.699,0.700,F
289,0.692,0.696,F
289,0.704,0.699,F
290,0.698,0.699,F
290,0.693,0.697,F
290,0.700,0.698,F
290,0.700,0.699,F
290,0.694,0.697,F
290,0.693,0.695,F
290,0.694,0.694,F
291,0.694,0.694,F
291,0.693,0.694,F
291,0.688,0.691,F
291,0.701,0.695,F
291,0.683,0.691,F
291,0.697,0.693,F
291,0.693,0.693,F
292,0.691,0.692,F
292,0.691,0.692,F
292,0.698,0.694,F
292,0.693,0.694,F
292,0.694,0.694,F
292,0.690,0.692,F
292,0.696,0.693,F
293,0.694,0.694,F
293,0.704,0.698,F
293,0.696,0.697,F
293,0.704,0.700,F
293,0.694,0.697,F
293,0.690,0.695,F
293,0.684,0.691,F
293,0.693,0.692,F
294,0.697,0.694,F
294,0.696,0.695,F
294,0.694,0.695,F
294,0.684,0.690,F
294,0.690,0.690,F
294,0.690,0.690,F
294,0.683,0.687,F
295,0.683,0.686,F
295,0.684,0.685,F
295,0.687,0.686,F
295,0.685,0.685,F
295,0.679,0.683,F
295,0.677,0.681,F
295,0.682,0.681,F
