S,1788377391.7,0.000,0.000,303.6,0.826,-1.06,-0.53
S,1788377391.8,0.001,-0.001,300.3,0.836,-1.06,-0.53
S,1788377391.9,0.001,-0.001,306.2,0.8414999999999999,-1.06,-0.53
S,1788377392.0,0.000,-0.000,301.5,0.839,-1.06,-0.53
S,1788377392.1,0.001,-0.001,301.5,0.8325,-1.06,-0.53
S,1788377392.2,0.001,-0.000,303.3,0.84,-1.06,-0.53
S,1788377392.3,0.001,-0.001,303.2,0.839,-1.06,-0.53
S,1788377392.4,0.000,-0.000,299.1,0.8365,-1.06,-0.53
S,1788377392.4,0.000,0.000,304.2,0.8385,-1.06,-0.53
S,1788377392.5,0.001,-0.001,302.0,0.8405,-1.06,-0.53
S,1788377392.6,0.000,0.000,302.2,0.849,-1.06,-0.53
S,1788377392.7,-0.000,0.000,301.7,0.84,-1.06,-0.53
S,1788377392.8,0.000,-0.000,300.5,0.8305,-1.06,-0.53
S,1788377392.9,0.000,-0.000,305.7,0.8334999999999999,-1.06,-0.53
S,1788377393.0,0.000,-0.000,302.3,0.837,-1.06,-0.53
S,1788377393.0,0.000,-0.000,301.4,0.835,-1.06,-0.53
S,1788377393.1,0.000,-0.000,304.2,0.8365,-1.06,-0.53
S,1788377393.2,0.001,-0.001,305.1,0.8214999999999999,-1.06,-0.53
S,1788377393.3,0.001,-0.001,304.4,0.845,-1.06,-0.53
S,1788377393.4,0.001,-0.001,305.1,0.8305,-1.06,-0.53
S,1788377393.5,0.000,0.000,302.6,0.854,-1.06,-0.53
S,1788377393.6,0.001,-0.001,306.7,0.837,-1.06,-0.53
S,1788377393.7,-0.000,0.000,300.7,0.8354999999999999,-1.06,-0.53
S,1788377393.8,0.000,0.000,302.8,0.834,-1.06,-0.53
S,1788377393.8,0.000,-0.000,305.2,0.8334999999999999,-1.06,-0.53
S,1788377393.9,0.000,0.000,299.1,0.8374999999999999,-1.06,-0.53
S,1788377394.0,0.001,-0.001,302.4,0.8334999999999999,-1.06,-0.53
S,1788377396.5,-0.301,0.196,303.7,0.7875000000000001,-1.06,-0.53
S,1788377396.6,-0.299,0.195,304.9,0.791,-1.06,-0.53
S,1788377396.7,-0.300,0.195,301.3,0.78,-1.06,-0.53
S,1788377398.5,-0.490,0.323,306.4,0.7545,-1.06,-0.53
S,1788377408.9,-0.546,0.358,298.2,0.7515000000000001,-1.06,-0.53
S,1788377409.0,-0.547,0.358,299.6,0.753,-1.06,-0.53
S,1788377409.1,-0.546,0.358,300.6,0.763,-1.06,-0.53
S,1788377409.1,-0.546,0.358,303.4,0.7605,-1.06,-0.53
S,1788377409.2,-0.547,0.359,300.0,0.7555000000000001,-1.06,-0.53
S,1788377409.3,-0.546,0.358,299.4,0.7515000000000001,-1.06,-0.53
S,1788377409.4,-0.546,0.358,298.5,0.7655000000000001,-1.06,-0.53
S,1788377409.6,-0.547,0.359,300.4,0.7535000000000001,-1.06,-0.53
S,1788377409.6,-0.547,0.359,295.0,0.7505,-1.06,-0.53
S,1788377419.4,-0.566,0.368,298.5,0.742,-1.06,-0.53
S,1788377419.5,-0.566,0.368,296.1,0.743,-1.06,-0.53
S,1788377419.6,-0.567,0.369,300.8,0.764,-1.06,-0.53
S,1788377419.7,-0.566,0.368,298.0,0.745,-1.06,-0.53
S,1788377419.7,-0.566,0.368,299.8,0.7585,-1.06,-0.53
S,1788377419.8,-0.567,0.369,297.9,0.748,-1.06,-0.53
S,1788377419.9,-0.567,0.369,297.9,0.7575000000000001,-1.06,-0.53
S,1788377420.0,-0.567,0.369,299.0,0.753,-1.06,-0.53
S,1788377420.1,-0.567,0.369,299.1,0.754,-1.06,-0.53
S,1788377430.1,-0.567,0.369,297.6,0.755,-1.06,-0.53
S,1788377430.2,-0.568,0.369,299.6,0.755,-1.06,-0.53
S,1788377430.3,-0.567,0.369,299.0,0.7444999999999999,-1.06,-0.53
S,1788377430.4,-0.567,0.369,298.4,0.756,-1.06,-0.53
S,1788377430.5,-0.567,0.369,299.6,0.7545,-1.06,-0.53
S,1788377430.6,-0.568,0.369,301.9,0.756,-1.06,-0.53
S,1788377430.6,-0.567,0.369,297.6,0.7505,-1.06,-0.53
S,1788377430.7,-0.568,0.369,297.2,0.752,-1.06,-0.53
S,1788377430.8,-0.567,0.369,293.8,0.759,-1.06,-0.53
S,1788377437.8,-0.565,0.358,50.4,0.66,-1.06,-0.53
S,1788377437.9,-0.565,0.358,48.5,0.664,-1.06,-0.53
S,1788377437.9,-0.565,0.358,47.0,0.6545000000000001,-1.06,-0.53
S,1788377438.0,-0.565,0.358,46.2,0.652,-1.06,-0.53
S,1788377438.1,-0.564,0.359,50.9,0.6485000000000001,-1.06,-0.53
S,1788377442.3,-0.216,0.444,101.7,0.606,-1.1,-0.18
S,1788377442.4,-0.215,0.443,105.0,0.6,-1.1,-0.18
S,1788377478.0,2.725,0.088,88.8,0.8354999999999999,-1.19,0.62
S,1788377478.1,2.727,0.088,86.1,0.83,-1.12,0.49
S,1788377478.2,2.726,0.088,86.3,0.825,-1.12,0.49
S,1788377478.3,2.726,0.088,90.6,0.813,-1.12,0.49
S,1788377478.5,2.725,0.088,85.3,0.82,-1.12,0.49
S,1788377478.6,2.727,0.088,90.7,0.812,-1.12,0.49
S,1788377478.6,2.726,0.088,84.2,0.8135,-1.27,0.03
S,1788377478.7,2.726,0.088,85.9,0.8065,-1.27,0.03
S,1788377478.8,2.727,0.088,90.9,0.8045,-1.27,0.03
S,1788377478.9,2.726,0.088,88.5,0.8055000000000001,-1.41,0.21
S,1788377479.0,2.726,0.088,87.2,0.7945,-1.41,0.21
S,1788377479.0,2.727,0.088,88.2,0.7945,-1.41,0.21
S,1788377483.5,3.037,-0.081,148.9,0.733,-1.41,0.21
S,1788377483.6,3.037,-0.080,147.5,0.7275,-1.3,0.63
S,1788377483.7,3.037,-0.081,146.9,0.731,-1.3,0.63
S,1788377483.8,3.037,-0.081,147.2,0.73,-1.3,0.63
S,1788377486.1,3.036,-0.074,205.9,0.695,-0.9,0.92
S,1788377486.1,3.037,-0.073,204.8,0.69,-0.9,0.92
S,1788377490.4,2.761,-0.295,257.6,0.59,-0.9,0.92
S,1788377490.4,2.761,-0.295,260.0,0.589,-0.9,0.92
S,1788377515.6,0.542,0.098,300.1,0.645,-0.23,0.62
S,1788377515.7,0.543,0.097,300.0,0.6345000000000001,-0.23,0.62
S,1788377525.7,0.506,0.119,301.7,0.7124999999999999,-0.12,0.35
S,1788377525.8,0.507,0.119,297.1,0.7175,-0.12,0.35
S,1788377525.9,0.506,0.119,295.1,0.7264999999999999,-0.12,0.35
S,1788377526.0,0.506,0.119,297.2,0.713,-0.06,0.21
S,1788377526.1,0.507,0.119,299.6,0.723,-0.06,0.21
S,1788377526.2,0.507,0.119,294.4,0.712,-0.07,0.24
S,1788377526.3,0.506,0.119,297.3,0.7155,-0.07,0.24
S,1788377536.4,0.501,0.122,298.4,0.714,-0.07,0.24
S,1788377536.5,0.501,0.122,296.0,0.7115,-0.07,0.24
S,1788377536.6,0.500,0.122,296.6,0.702,-0.07,0.24
S,1788377536.7,0.501,0.122,296.5,0.7235,-0.07,0.24
S,1788377536.8,0.500,0.123,298.1,0.708,-0.07,0.24
S,1788377536.8,0.500,0.122,296.8,0.7084999999999999,-0.07,0.24
S,1788377536.9,0.502,0.121,296.6,0.7144999999999999,-0.07,0.24
S,1788377537.0,0.500,0.122,295.4,0.704,-0.07,0.24
S,1788377547.0,0.494,0.125,295.7,0.716,-0.07,0.24
S,1788377547.1,0.494,0.125,295.6,0.7124999999999999,-0.07,0.24
S,1788377547.2,0.494,0.125,292.5,0.706,-0.07,0.24
S,1788377547.3,0.495,0.125,297.9,0.704,-0.07,0.24
S,1788377547.3,0.494,0.125,296.1,0.7104999999999999,-0.07,0.24
S,1788377547.4,0.494,0.125,294.7,0.7264999999999999,-0.07,0.24
S,1788377547.5,0.495,0.125,293.5,0.718,-0.07,0.24
S,1788377557.5,0.494,0.125,298.9,0.716,-0.07,0.24
S,1788377557.5,0.495,0.125,299.4,0.7215,-0.07,0.24
S,1788377557.7,0.495,0.125,299.9,0.719,-0.07,0.23
S,1788377557.8,0.495,0.125,298.4,0.722,-0.07,0.23
S,1788377557.9,0.496,0.124,301.4,0.7184999999999999,-0.07,0.23
