0,0.643,0.643,PROBE
P,0,0.65,0.19,True
P,60,0.643,0.30,False
P,-60,0.639,0.00,True
R,0.636,0.00,True
7,0.637,0.643,PROBE
P,0,0.63,0.00,True
P,60,0.608,0.23,True
P,-60,0.627,-0.00,True
12,0.617,0.617,PROBE
P,0,0.631,-0.00,True
P,60,0.624,0.00,True
P,-60,0.655,0.29,False
R,0.65,0.23,True
19,0.652,0.617,PROBE
P,0,0.66,0.00,True
P,60,0.684,0.29,False
P,-60,0.664,0.03,True
R,0.685,0.01,True
26,0.681,0.617,PROBE
P,0,0.671,0.00,True
P,60,0.689,0.17,True
P,-60,0.645,-0.00,True
30,0.644,0.617,PROBE
P,0,0.653,0.00,True
P,60,0.726,0.00,True
P,-60,0.662,0.29,False
R,0.631,0.10,True
37,0.633,0.617,PROBE
P,0,0.64,0.03,True
P,60,0.593,0.29,False
P,-60,0.603,0.00,True
R,0.606,0.00,True
44,0.600,0.617,PROBE
P,0,0.604,-0.00,True
P,60,0.569,0.29,False
P,-60,0.596,0.00,True
R,0.593,0.06,True
50,0.601,0.617,PROBE
P,0,0.607,0.01,True
P,60,0.522,0.29,False
R,0.528,0.00,True
54,0.527,0.527,PROBE
P,0,0.546,0.00,True
P,60,0.593,0.00,True
P,-60,0.583,0.28,False
R,0.585,0.00,True
60,0.585,0.527,PROBE
P,0,0.586,-0.00,True
P,60,0.51,0.29,False
R,0.46,0.24,True
65,0.465,0.465,PROBE
P,0,0.473,0.01,True
P,60,0.466,-0.00,True
P,-60,0.431,0.20,True
70,0.443,0.443,PROBE
P,0,0.437,0.00,True
P,60,0.439,0.02,True
P,-60,0.45,0.29,False
R,0.45,0.21,True
78,0.461,0.443,PROBE
P,0,0.449,0.01,True
P,60,0.443,0.24,True
P,-60,0.456,0.03,True
83,0.446,0.443,PROBE
P,0,0.45,0.01,True
P,60,0.467,0.00,True
P,-60,0.474,0.29,False
R,0.445,0.31,False
R,0.424,0.14,True
91,0.435,0.443,PROBE
P,0,0.431,0.00,True
P,60,0.431,0.00,True
P,-60,0.468,0.00,True
95,0.464,0.443,PROBE
P,0,0.469,0.00,True
P,60,0.463,0.00,True
P,-60,0.423,0.01,True
99,0.432,0.443,PROBE
P,0,0.43,0.00,True
P,60,0.432,0.00,True
P,-60,0.453,0.29,False
R,0.445,0.13,True
106,0.446,0.443,PROBE
P,0,0.458,0.02,True
P,60,0.469,0.30,False
P,-60,0.489,0.28,False
R,0.486,0.00,True
114,0.483,0.443,PROBE
P,0,0.481,-0.00,True
P,60,0.493,0.00,True
P,-60,0.536,0.29,False
R,0.5,0.21,True
121,0.492,0.443,PROBE
P,0,0.49,-0.00,True
P,60,0.512,0.06,True
P,-60,0.485,0.09,True
125,0.487,0.443,PROBE
P,0,0.481,0.04,True
P,60,0.474,0.00,True
P,-60,0.549,0.28,False
R,0.511,0.31,False
R,0.475,0.31,False
R,0.465,0.31,False
R,0.458,0.31,False
138,0.468,0.443,PROBE
P,0,0.454,0.29,False
P,60,0.463,-0.00,True
P,-60,0.478,0.29,False
R,0.5,0.31,False
146,0.492,0.443,PROBE
P,0,0.511,0.27,True
P,60,0.492,0.29,False
P,-60,0.528,0.29,False
R,0.556,0.00,True
155,0.554,0.443,PROBE
P,0,0.564,0.00,True
P,60,0.61,-0.00,True
P,-60,0.631,0.29,False
R,0.584,0.05,True
161,0.583,0.443,PROBE
P,0,0.597,0.02,True
P,60,0.621,0.28,False
P,-60,0.615,-0.00,True
R,0.616,-0.00,True
168,0.602,0.443,PROBE
P,0,0.593,-0.00,True
0,0.658,0.658,PROBE
P,0,0.671,0.01,True
P,60,0.72,0.29,False
P,-60,0.711,0.00,True
R,0.697,0.10,True
7,0.700,0.658,PROBE
P,0,0.695,0.02,True
P,60,0.731,0.29,False
P,-60,0.752,0.10,True
R,0.744,0.00,True
14,0.742,0.658,PROBE
P,0,0.752,0.01,True
P,60,0.752,0.20,True
P,-60,0.774,0.00,True
19,0.779,0.658,PROBE
P,0,0.784,0.01,True
P,60,0.775,0.00,True
P,-60,0.745,0.26,True
24,0.736,0.658,PROBE
P,0,0.748,0.00,True
P,60,0.744,-0.00,True
P,-60,0.698,0.29,False
R,0.752,0.13,True
31,0.760,0.658,PROBE
P,0,0.769,0.00,True
P,60,0.779,0.29,False
P,-60,0.719,0.00,True
R,0.681,0.00,True
38,0.686,0.658,PROBE
P,0,0.688,-0.00,True
P,60,0.62,0.28,False
R,0.618,0.00,True
42,0.620,0.620,PROBE
P,0,0.629,0.01,True
P,60,0.625,0.07,True
P,-60,0.588,0.29,False
R,0.589,-0.00,True
48,0.583,0.583,PROBE
P,0,0.587,-0.00,True
P,60,0.591,0.29,False
P,-60,0.552,0.00,True
R,0.511,0.31,False
R,0.488,0.30,False
R,0.459,0.31,False
R,0.467,0.32,False
61,0.471,0.471,PROBE
P,0,0.497,0.08,True
P,60,0.498,0.00,True
P,-60,0.429,-0.00,True
65,0.432,0.432,PROBE
P,0,0.43,0.00,True
P,60,0.426,0.06,True
P,-60,0.424,0.03,True
69,0.437,0.432,PROBE
P,0,0.434,-0.00,True
P,60,0.451,-0.00,True
P,-60,0.455,0.26,True
74,0.441,0.432,WALL
76,0.456,0.432,WALL
77,0.475,0.432,WALL
79,0.489,0.432,WALL
A,0.452,291,0.17,False
A,0.451,331,0.08,True
A,0.504,305,0.17,False
A,0.485,355,0.00,True
A,0.5640000000000001,58,0.02,True
A,0.4445,140,0.17,False
A,0.4835,16,0.02,True
A,0.4455,216,0.17,False
A,0.4425,35,0.17,False
A,0.4565,321,0.12,True
A,0.4565,15,-0.00,True
A,0.4365,200,0.17,True
A,0.437,193,0.00,True
A,0.435,229,0.01,True,0.010
A,0.462,349,0.18,False,-0.023
A,0.459,23,0.00,True,-0.001
A,0.462,60,0.05,True,-0.008
A,0.46,100,0.17,False,-0.002
A,0.447,175,0.12,True,0.014
A,0.454,298,0.19,False,-0.016
A,0.449,23,0.03,True,0.007
A,0.448,94,0.18,False,0.013
A,0.442,128,0.03,True,0.006
A,0.44,200,0.08,True,-0.001
A,0.431,234,0.17,True,0.012
A,0.456,351,0.17,False,-0.009
A,0.448,68,0.06,True,0.000
A,0.457,98,0.17,True,-0.013
A,0.429,132,0.13,True,0.012
A,0.442,217,-0.00,True,-0.009
A,0.432,250,0.18,False,0.001
A,0.437,32,0.09,True,-0.011
A,0.449,288,0.18,False,-0.005
A,0.44,12,0.00,True,0.018
A,0.446,47,0.04,True,-0.006
A,0.45,85,0.19,False,0.003
A,0.443,123,0.00,True,0.005
A,0.438,156,0.08,True,0.008
A,0.435,189,-0.00,True,0.009
A,0.451,329,0.16,True,-0.006
A,0.469,290,0.18,False,-0.008
A,0.452,258,0.18,False,0.013
161,0.471,0.471,WALL
W,0.481,0.23,0.2
162,0.471,0.471,WALL
W,0.493,0.22,0.5
163,0.495,0.471,WALL
W,0.5035000000000001,0.22,0.7
164,0.514,0.471,WALL
166,0.493,0.471,WALL
W,0.5265,0.23,0.9
167,0.525,0.471,WALL
W,0.5625,0.23,1.1
A,0.574,38,0.18,False,-0.015
