1787895903.8,0.00,0.00,252.9,0.48,1.88,0.84,0.47,0.36,0.36,0.42,0.50,1.05,1.42,0.25,0.17,0.13,0.10,0.19,0.25,tick=42296 goal=0,0,0,
1787895904.4,0.00,0.00,263.2,0.80,1.95,0.61,0.46,0.36,0.35,0.47,0.64,1.77,0.74,0.22,0.15,0.12,0.11,0.22,0.25,tick=42359 goal=0,0,0,
1787895905.1,-0.00,0.00,280.1,1.88,0.86,0.49,0.38,0.35,0.39,0.46,0.99,2.60,0.29,0.20,0.15,0.12,0.16,0.24,0.49,tick=42423 goal=0,0,0,
1787895905.7,0.02,-0.05,288.7,1.42,0.59,0.44,0.34,0.38,0.49,0.65,1.85,0.69,0.24,0.16,0.14,0.12,0.24,0.25,0.49,tick=42482 goal=0,0,0,
1787895906.2,0.04,-0.11,299.2,0.84,0.45,0.39,0.33,0.41,0.48,0.97,2.58,0.29,0.20,0.14,0.12,0.23,0.24,0.45,1.87,tick=42541 goal=0,0,0,
1787895906.8,0.08,-0.16,305.0,0.58,0.44,0.37,0.31,0.38,0.50,1.24,1.11,0.28,0.18,0.15,0.18,0.23,0.25,0.78,1.91,tick=42599 goal=0,0,0,
1787895907.5,0.12,-0.20,311.0,0.54,0.39,0.35,0.34,0.41,0.52,1.85,1.11,0.30,0.19,0.15,0.22,0.25,0.41,1.39,1.35,tick=42658 goal=0,0,0,
1787895908.1,0.17,-0.25,312.0,0.46,0.37,0.31,0.29,0.43,0.67,2.63,0.62,0.30,0.18,0.20,0.25,0.23,0.45,1.39,1.06,tick=42724 goal=0,0,0,
1787895908.7,0.21,-0.29,318.0,0.38,0.34,0.29,0.30,0.44,0.71,2.72,0.59,0.26,0.20,0.23,0.22,0.34,0.66,1.79,0.75,tick=42782 goal=0,0,0,
1787895909.2,0.26,-0.33,319.1,0.37,0.33,0.27,0.28,0.44,0.73,2.67,0.45,0.28,0.24,0.25,0.23,0.38,0.72,1.75,0.69,tick=42841 goal=0,0,0,
1787895909.8,0.30,-0.38,314.4,0.34,0.30,0.25,0.29,0.36,0.72,2.69,0.66,0.32,0.25,0.27,0.24,0.39,0.73,1.73,0.69,tick=42899 goal=0,0,0,
1787895910.5,0.31,-0.38,330.6,0.30,0.30,0.24,0.26,0.42,0.80,1.97,0.45,0.28,0.26,0.28,0.28,0.42,1.37,1.80,0.44,tick=42963 goal=0,0,0,
1787895911.2,0.30,-0.38,347.2,0.31,0.27,0.23,0.39,0.52,2.67,0.72,0.35,0.24,0.28,0.28,0.38,0.67,1.77,0.70,0.35,tick=43027 goal=0,0,0,
1787895911.8,0.30,-0.38,359.9,0.27,0.23,0.33,0.50,1.60,1.14,0.42,0.24,0.29,0.26,0.35,0.47,1.76,0.99,0.42,0.32,tick=43098 goal=0,0,0,
1787895912.4,0.30,-0.38,16.3,0.27,0.26,0.40,0.77,2.74,0.45,0.29,0.26,0.27,0.27,0.42,1.40,1.79,0.47,0.32,0.30,tick=43161 goal=0,0,0,
1787895913.1,0.30,-0.38,28.3,0.27,0.26,0.52,2.68,0.80,0.36,0.24,0.29,0.25,0.39,0.66,1.76,0.81,0.35,0.31,0.25,tick=43224 goal=0,0,0,
1787895913.8,0.30,-0.38,41.3,0.28,0.53,1.15,1.33,0.40,0.27,0.27,0.27,0.33,0.44,1.81,1.30,0.45,0.29,0.29,0.24,tick=43288 goal=0,0,0,
1787895914.5,0.30,-0.38,57.8,0.39,0.72,2.76,0.46,0.31,0.22,0.29,0.25,0.41,0.78,1.76,0.48,0.32,0.29,0.25,0.28,tick=43359 goal=0,0,0,
1787895915.1,0.30,-0.39,72.8,0.51,2.67,0.80,0.36,0.25,0.30,0.26,0.39,0.67,1.77,0.79,0.48,0.32,0.27,0.26,0.37,tick=43430 goal=0,0,0,
1787895915.7,0.31,-0.33,75.4,0.75,2.73,0.44,0.32,0.24,0.29,0.24,0.41,1.40,1.81,0.47,0.32,0.29,0.25,0.28,0.42,tick=43489 goal=0,0,0,
1787895916.3,0.33,-0.27,75.6,0.79,1.94,0.43,0.30,0.25,0.31,0.28,0.44,1.39,1.82,0.47,0.31,0.28,0.24,0.27,0.47,tick=43547 goal=0,0,0,
1787895916.9,0.34,-0.21,76.2,1.04,1.94,0.41,0.29,0.25,0.31,0.27,0.47,1.39,1.51,0.45,0.31,0.26,0.23,0.28,0.47,tick=43605 goal=0,0,0,
1787895917.5,0.35,-0.15,81.0,1.10,1.27,0.39,0.30,0.23,0.31,0.31,0.49,1.84,1.07,0.38,0.31,0.24,0.23,0.31,0.43,tick=43664 goal=0,0,0,
1787895918.1,0.36,-0.09,87.8,1.81,1.06,0.37,0.29,0.23,0.32,0.32,0.53,1.84,0.93,0.36,0.29,0.23,0.24,0.29,0.41,tick=43722 goal=0,0,0,
1787895918.7,0.36,-0.03,90.6,2.56,0.77,0.35,0.28,0.22,0.32,0.35,0.75,1.88,0.56,0.38,0.24,0.20,0.26,0.34,0.47,tick=43783 goal=0,0,0,
1787895919.3,0.35,0.04,96.1,2.56,0.68,0.34,0.27,0.23,0.36,0.44,0.83,1.91,0.51,0.33,0.24,0.23,0.28,0.40,0.62,tick=43842 goal=0,0,0,
1787895919.9,0.34,0.11,99.4,1.78,0.54,0.31,0.26,0.22,0.35,0.49,1.50,1.63,0.44,0.31,0.23,0.24,0.27,0.37,0.94,tick=43900 goal=0,0,0,
1787895920.7,0.31,0.18,108.7,1.02,0.48,0.29,0.26,0.24,0.36,0.56,1.93,1.01,0.41,0.26,0.24,0.28,0.36,0.50,1.72,tick=43989 goal=0,0,0,
1787895921.3,0.29,0.24,111.1,0.93,0.45,0.28,0.24,0.23,0.38,0.60,1.99,0.66,0.42,0.26,0.27,0.25,0.36,0.52,2.49,tick=44048 goal=0,0,0,
1787895921.9,0.27,0.30,114.6,0.67,0.42,0.27,0.24,0.22,0.37,0.64,1.98,0.66,0.41,0.27,0.26,0.30,0.33,0.53,2.48,tick=44106 goal=0,0,0,
1787895922.5,0.24,0.35,119.2,0.63,0.41,0.24,0.23,0.23,0.39,0.66,1.96,0.64,0.39,0.27,0.28,0.33,0.32,0.80,2.45,tick=44165 goal=0,0,0,
1787895923.2,0.21,0.42,115.0,0.58,0.36,0.22,0.22,0.21,0.39,0.67,2.00,0.63,0.36,0.28,0.28,0.34,0.33,0.82,2.42,tick=44223 goal=0,0,0,
1787895923.9,0.17,0.48,117.3,0.54,0.36,0.20,0.20,0.22,0.39,0.70,2.00,0.61,0.36,0.30,0.31,0.33,0.46,0.83,2.41,tick=44292 goal=0,0,0,
1787895924.5,0.15,0.54,115.8,0.54,0.34,0.17,0.20,0.20,0.26,0.67,2.03,0.65,0.36,0.30,0.31,0.32,0.44,0.83,2.40,tick=44360 goal=0,0,0,
1787895925.1,0.12,0.61,114.6,0.51,0.32,0.17,0.18,0.19,0.28,0.66,2.06,0.64,0.40,0.34,0.34,0.31,0.43,0.83,2.41,tick=44426 goal=0,0,0,
1787895925.7,0.09,0.66,117.4,0.48,0.32,0.17,0.17,0.21,0.25,0.69,2.14,0.64,0.40,0.35,0.35,0.31,0.44,0.91,2.37,tick=44485 goal=0,0,0,
1787895926.3,0.06,0.71,116.8,0.44,0.27,0.12,0.14,0.20,0.24,0.70,2.16,0.66,0.41,0.36,0.36,0.33,0.47,1.15,1.57,tick=44543 goal=0,0,0,
1787895926.9,0.06,0.71,132.7,0.30,0.27,0.15,0.15,0.22,0.28,1.08,1.42,0.62,0.41,0.34,0.31,0.43,0.63,1.58,0.78,tick=44607 goal=0,0,0,
1787895927.5,0.06,0.71,146.7,0.26,0.12,0.14,0.19,0.21,0.51,2.11,0.70,0.41,0.36,0.37,0.33,0.44,0.94,2.34,0.44,tick=44670 goal=0,0,0,
1787895928.2,0.06,0.71,157.5,0.20,0.12,0.14,0.20,0.29,2.13,1.07,0.50,0.38,0.37,0.33,0.42,0.74,2.30,0.51,0.44,tick=44734 goal=0,0,0,
1787895928.9,0.06,0.71,177.3,0.14,0.14,0.20,0.27,0.79,1.88,0.65,0.40,0.36,0.33,0.41,0.50,1.51,0.96,0.30,0.29,tick=44797 goal=0,0,0,
1787895929.6,0.06,0.71,193.1,0.14,0.19,0.23,0.49,2.10,0.73,0.41,0.37,0.36,0.32,0.46,0.85,2.35,0.47,0.28,0.14,tick=44869 goal=0,0,0,
1787895930.2,0.07,0.71,206.3,0.18,0.22,0.47,2.12,1.08,0.49,0.39,0.37,0.31,0.42,0.76,2.29,0.50,0.29,0.20,0.15,tick=44940 goal=0,0,0,
1787895931.0,0.07,0.71,220.5,0.21,0.27,0.81,1.86,0.64,0.39,0.35,0.34,0.39,0.49,1.52,0.94,0.31,0.27,0.12,0.15,tick=45003 goal=0,0,0,
1787895931.6,0.07,0.72,237.7,0.24,0.50,2.12,0.72,0.42,0.35,0.36,0.33,0.46,0.91,2.35,0.43,0.29,0.14,0.14,0.18,tick=45077 goal=0,0,0,
1787895932.2,0.07,0.72,250.8,0.46,2.13,1.06,0.49,0.36,0.36,0.30,0.41,0.74,2.28,0.52,0.30,0.21,0.13,0.17,0.20,tick=45140 goal=0,0,0,
1787895933.0,0.07,0.72,264.9,0.78,1.88,0.62,0.39,0.33,0.33,0.40,0.47,1.31,1.12,0.33,0.26,0.14,0.14,0.20,0.24,tick=45204 goal=0,0,0,
1787895933.6,0.07,0.72,281.5,2.11,0.70,0.40,0.38,0.36,0.32,0.45,0.88,2.34,0.47,0.29,0.14,0.13,0.19,0.23,0.50,tick=45277 goal=0,0,0,
1787895934.2,0.09,0.67,287.7,1.36,0.58,0.38,0.34,0.36,0.42,0.68,1.94,0.79,0.30,0.24,0.14,0.18,0.21,0.28,1.68,tick=45336 goal=0,0,0,
1787895934.8,0.12,0.61,298.5,0.79,0.43,0.35,0.34,0.31,0.42,0.80,2.34,0.50,0.31,0.16,0.14,0.21,0.24,0.47,2.13,tick=45394 goal=0,0,0,
1787895935.4,0.15,0.56,297.8,0.62,0.37,0.34,0.36,0.31,0.46,0.98,1.61,0.47,0.30,0.17,0.17,0.20,0.27,0.72,2.14,tick=45453 goal=0,0,0,
1787895936.0,0.19,0.51,307.6,0.55,0.34,0.30,0.35,0.33,0.48,1.59,1.01,0.38,0.21,0.20,0.22,0.21,0.42,1.07,1.34,tick=45513 goal=0,0,0,
1787895936.6,0.23,0.47,313.1,0.50,0.31,0.30,0.34,0.32,0.52,2.41,0.84,0.38,0.20,0.23,0.18,0.25,0.44,2.04,0.98,tick=45572 goal=0,0,0,
1787895937.4,0.30,0.41,318.7,0.37,0.29,0.28,0.33,0.33,0.78,2.47,0.60,0.38,0.23,0.24,0.21,0.42,0.66,2.02,0.67,tick=45640 goal=0,0,0,
1787895938.2,0.30,0.41,340.4,0.28,0.28,0.28,0.31,0.44,1.07,1.27,0.45,0.26,0.26,0.25,0.26,0.42,1.60,1.28,0.50,tick=45724 goal=0,0,0,
1787895938.8,0.30,0.41,348.2,0.28,0.26,0.32,0.31,0.84,2.47,0.60,0.40,0.23,0.24,0.24,0.41,0.93,2.06,0.54,0.33,tick=45797 goal=0,0,0,
1787895939.4,0.30,0.41,5.7,0.26,0.30,0.28,0.50,2.44,0.90,0.42,0.23,0.24,0.23,0.39,0.62,2.05,0.72,0.41,0.29,tick=45861 goal=0,0,0,
1787895940.1,0.30,0.41,18.0,0.27,0.33,0.28,1.00,1.31,0.46,0.25,0.24,0.25,0.26,0.43,1.63,1.31,0.52,0.28,0.26,tick=45924 goal=0,0,0,
1787895940.8,0.29,0.40,31.7,0.32,0.30,0.77,2.44,0.60,0.39,0.24,0.25,0.25,0.41,0.67,1.99,0.58,0.34,0.27,0.28,tick=45988 goal=0,0,0,
1787895941.4,0.29,0.40,43.4,0.32,0.49,2.08,0.90,0.42,0.26,0.25,0.24,0.31,0.59,2.04,0.72,0.45,0.34,0.28,0.30,tick=46059 goal=0,0,0,
1787895942.1,0.29,0.40,61.1,0.45,0.89,1.65,0.49,0.26,0.26,0.23,0.25,0.41,1.02,1.72,0.51,0.29,0.27,0.26,0.30,tick=46123 goal=0,0,0,
1787895942.6,0.32,0.45,63.4,0.49,2.44,0.88,0.43,0.23,0.24,0.22,0.31,0.60,2.02,1.72,0.42,0.27,0.25,0.29,0.28,tick=46181 goal=0,0,0,
1787895943.3,0.32,0.45,77.6,0.78,2.38,0.61,0.41,0.23,0.26,0.26,0.42,0.75,2.02,0.55,0.30,0.26,0.25,0.31,0.29,tick=46244 goal=0,0,0,
1787895943.9,0.33,0.51,81.4,0.78,1.23,0.48,0.31,0.26,0.26,0.28,0.43,1.63,1.29,0.47,0.26,0.26,0.25,0.28,0.41,tick=46304 goal=0,0,0,
1787895944.5,0.34,0.58,85.7,1.60,1.01,0.41,0.30,0.25,0.28,0.29,0.49,2.07,0.75,0.40,0.26,0.26,0.30,0.26,0.43,tick=46370 goal=0,0,0,
1787895945.2,0.34,0.64,90.0,2.35,0.85,0.40,0.32,0.24,0.27,0.31,0.66,2.11,0.71,0.35,0.28,0.25,0.27,0.26,0.46,tick=46428 goal=0,0,0,
1787895945.8,0.34,0.71,95.6,2.40,0.79,0.36,0.30,0.22,0.28,0.35,0.74,2.10,0.60,0.34,0.29,0.27,0.26,0.33,0.68,tick=46495 goal=0,0,0,
1787895946.4,0.33,0.83,92.7,2.29,0.76,0.35,0.31,0.24,0.30,0.35,0.80,2.16,0.60,0.31,0.26,0.29,0.23,0.35,0.72,tick=46553 goal=0,0,0,
1787895947.0,0.32,0.95,101.2,2.30,0.50,0.34,0.34,0.22,0.30,0.37,0.87,2.24,0.56,0.32,0.30,0.23,0.28,0.34,0.71,tick=46612 goal=0,0,0,
1787895947.5,0.31,1.02,100.1,1.49,0.47,0.31,0.32,0.22,0.31,0.40,1.17,1.47,0.44,0.31,0.29,0.20,0.28,0.36,1.06,tick=46670 goal=0,0,0,
1787895948.1,0.29,1.08,105.8,1.05,0.42,0.29,0.29,0.22,0.32,0.42,1.83,0.92,0.42,0.29,0.24,0.25,0.28,0.51,1.40,tick=46729 goal=0,0,0,
1787895948.7,0.27,1.13,115.3,0.78,0.37,0.26,0.29,0.23,0.33,0.62,2.26,0.78,0.39,0.32,0.19,0.28,0.29,0.58,2.18,tick=46787 goal=0,0,0,
1787895949.3,0.24,1.19,117.2,0.65,0.36,0.27,0.30,0.23,0.34,0.63,2.29,0.74,0.41,0.33,0.24,0.28,0.31,0.61,2.24,tick=46846 goal=0,0,0,
1787895949.9,0.22,1.24,114.7,0.62,0.36,0.23,0.28,0.25,0.33,0.67,2.29,0.72,0.38,0.28,0.24,0.28,0.33,0.65,2.13,tick=46904 goal=0,0,0,
1787895950.5,0.19,1.30,115.1,0.59,0.34,0.22,0.26,0.26,0.35,0.67,2.36,0.59,0.39,0.25,0.29,0.28,0.44,0.78,2.14,tick=46963 goal=0,0,0,
1787895951.2,0.15,1.36,121.3,0.55,0.29,0.21,0.24,0.24,0.29,0.73,2.14,0.56,0.40,0.28,0.29,0.30,0.52,1.04,2.12,tick=47029 goal=0,0,0,
1787895951.8,0.15,1.37,133.8,0.33,0.28,0.20,0.25,0.26,0.40,1.94,1.04,0.51,0.37,0.31,0.29,0.32,0.57,2.11,0.73,tick=47100 goal=0,0,0,
1787895952.5,0.15,1.37,151.3,0.31,0.22,0.23,0.27,0.26,0.72,2.42,0.58,0.41,0.28,0.29,0.28,0.52,1.02,2.13,0.52,tick=47164 goal=0,0,0,
1787895953.1,0.15,1.37,164.4,0.25,0.21,0.26,0.23,0.42,2.38,0.84,0.47,0.28,0.33,0.30,0.40,0.61,2.14,0.59,0.30,tick=47227 goal=0,0,0,
1787895953.7,0.15,1.37,178.5,0.19,0.25,0.27,0.37,1.28,1.55,0.53,0.42,0.28,0.30,0.31,0.53,1.35,0.94,0.32,0.28,tick=47291 goal=0,0,0,
1787895954.4,0.15,1.37,187.5,0.24,0.28,0.26,0.50,2.37,0.71,0.42,0.30,0.28,0.31,0.48,0.93,2.11,0.54,0.29,0.23,tick=47354 goal=0,0,0,
1787895955.0,0.16,1.37,207.7,0.28,0.24,0.42,2.34,0.92,0.48,0.29,0.32,0.29,0.34,0.59,2.06,0.71,0.32,0.27,0.20,tick=47418 goal=0,0,0,
1787895955.9,0.16,1.37,228.9,0.26,0.28,0.94,1.67,0.56,0.40,0.30,0.29,0.30,0.52,1.28,1.30,0.51,0.28,0.20,0.24,tick=47491 goal=0,0,0,
1787895956.6,0.16,1.37,240.9,0.29,0.69,2.40,0.58,0.40,0.28,0.29,0.30,0.50,1.01,2.11,0.55,0.29,0.22,0.24,0.26,tick=47572 goal=0,0,0,
1787895957.2,0.16,1.37,254.4,0.43,2.37,0.86,0.45,0.28,0.30,0.28,0.40,0.62,2.14,0.58,0.30,0.24,0.23,0.27,0.24,tick=47636 goal=0,0,0,
1787895957.8,0.16,1.38,267.3,1.29,1.55,0.52,0.38,0.30,0.28,0.31,0.53,1.35,0.93,0.34,0.26,0.20,0.25,0.25,0.37,tick=47699 goal=0,0,0,
1787895958.4,0.16,1.32,273.7,2.36,0.81,0.43,0.27,0.31,0.29,0.42,0.68,2.13,0.58,0.30,0.24,0.22,0.26,0.25,0.47,tick=47758 goal=0,0,0,
1787895959.0,0.17,1.26,280.9,2.39,0.58,0.41,0.27,0.31,0.30,0.50,1.00,2.16,0.55,0.29,0.21,0.25,0.23,0.26,0.69,tick=47817 goal=0,0,0,
1787895959.6,0.18,1.20,285.3,1.55,0.52,0.38,0.24,0.31,0.30,0.55,1.00,1.02,0.36,0.30,0.24,0.27,0.22,0.37,1.00,tick=47875 goal=0,0,0,
1787895960.2,0.20,1.14,287.0,1.22,0.49,0.37,0.23,0.32,0.33,0.58,1.43,0.97,0.37,0.28,0.26,0.26,0.21,0.38,1.00,tick=47934 goal=0,0,0,
1787895960.8,0.22,1.08,288.2,0.93,0.44,0.34,0.24,0.29,0.34,0.60,2.20,0.79,0.37,0.25,0.27,0.22,0.25,0.43,2.27,tick=47992 goal=0,0,0,
1787895961.3,0.25,1.03,293.3,0.74,0.42,0.33,0.24,0.32,0.32,0.64,2.23,0.68,0.37,0.26,0.24,0.21,0.31,0.61,2.26,tick=48050 goal=0,0,0,
1787895962.0,0.28,0.97,301.7,0.65,0.39,0.32,0.22,0.29,0.35,0.70,2.22,0.65,0.31,0.28,0.24,0.23,0.34,0.82,2.24,tick=48109 goal=0,0,0,
1787895962.6,0.32,0.92,309.0,0.45,0.31,0.29,0.22,0.33,0.36,1.13,1.47,0.46,0.31,0.30,0.20,0.28,0.38,1.18,1.44,tick=48178 goal=0,0,0,
1787895963.2,0.36,0.87,303.3,0.39,0.29,0.28,0.21,0.30,0.39,1.47,1.11,0.47,0.33,0.30,0.22,0.28,0.55,2.22,0.86,tick=48237 goal=0,0,0,
1787895963.8,0.40,0.82,310.8,0.34,0.27,0.28,0.19,0.31,0.39,1.54,0.94,0.46,0.34,0.25,0.27,0.32,0.57,2.18,0.79,tick=48295 goal=0,0,0,
1787895964.5,0.40,0.82,327.6,0.31,0.25,0.26,0.20,0.32,0.66,2.32,0.78,0.40,0.36,0.24,0.30,0.37,0.81,2.16,0.59,tick=48359 goal=0,0,0,
1787895965.2,0.40,0.82,339.8,0.24,0.27,0.20,0.30,0.39,2.29,0.93,0.48,0.34,0.26,0.31,0.33,0.57,2.20,0.68,0.33,tick=48433 goal=0,0,0,
1787895965.8,0.40,0.82,355.8,0.26,0.21,0.22,0.34,0.78,1.57,0.53,0.37,0.31,0.28,0.33,0.55,1.78,1.40,0.36,0.29,tick=48496 goal=0,0,0,
1787895966.4,0.40,0.82,8.5,0.26,0.18,0.33,0.65,2.36,0.78,0.39,0.36,0.24,0.30,0.36,0.80,2.13,0.62,0.32,0.26,tick=48559 goal=0,0,0,
1787895967.2,0.40,0.82,23.8,0.21,0.30,0.38,1.49,1.15,0.49,0.33,0.26,0.28,0.34,0.56,2.16,0.81,0.36,0.27,0.27,tick=48633 goal=0,0,0,
1787895967.8,0.40,0.82,35.1,0.18,0.33,0.77,1.60,0.53,0.36,0.32,0.26,0.32,0.52,1.17,1.41,0.38,0.32,0.25,0.23,tick=48697 goal=0,0,0,
1787895968.4,0.39,0.82,54.3,0.32,0.63,2.35,0.79,0.40,0.35,0.24,0.30,0.36,0.79,2.12,0.61,0.32,0.26,0.24,0.20,tick=48760 goal=0,0,0,
1787895969.1,0.39,0.81,67.8,0.38,1.52,1.12,0.49,0.35,0.26,0.28,0.32,0.56,2.17,0.84,0.35,0.26,0.27,0.20,0.28,tick=48824 goal=0,0,0,
1787895969.8,0.39,0.81,84.1,0.75,2.32,0.53,0.35,0.32,0.25,0.31,0.52,1.13,1.45,0.42,0.29,0.24,0.24,0.20,0.34,tick=48894 goal=0,0,0,
1787895970.4,0.40,0.87,83.9,1.91,0.93,0.49,0.35,0.27,0.28,0.34,0.58,2.18,0.68,0.32,0.26,0.26,0.19,0.30,0.39,tick=48958 goal=0,0,0,
1787895971.0,0.40,0.93,90.4,2.27,0.77,0.43,0.34,0.24,0.30,0.36,0.79,2.19,0.63,0.33,0.26,0.23,0.17,0.29,0.61,tick=49017 goal=0,0,0,
1787895971.6,0.39,0.99,97.3,2.24,0.71,0.41,0.33,0.25,0.31,0.40,0.89,2.26,0.47,0.30,0.27,0.18,0.25,0.31,0.67,tick=49075 goal=0,0,0,
1787895972.3,0.37,1.06,102.2,1.49,0.49,0.35,0.35,0.24,0.32,0.43,1.26,1.47,0.39,0.28,0.26,0.18,0.28,0.34,1.06,tick=49134 goal=0,0,0,
1787895972.9,0.35,1.12,108.4,0.85,0.42,0.30,0.31,0.23,0.36,0.62,2.28,0.73,0.38,0.30,0.17,0.23,0.28,0.58,2.20,tick=49202 goal=0,0,0,
1787895973.5,0.31,1.18,117.7,0.68,0.37,0.27,0.32,0.23,0.36,0.69,2.26,0.66,0.33,0.31,0.21,0.26,0.30,0.59,2.21,tick=49261 goal=0,0,0,
1787895974.1,0.28,1.24,124.1,0.60,0.35,0.27,0.30,0.26,0.38,0.93,2.08,0.47,0.34,0.20,0.25,0.26,0.35,0.74,2.17,tick=49329 goal=0,0,0,
1787895974.7,0.25,1.29,124.5,0.58,0.33,0.25,0.30,0.26,0.41,1.22,1.57,0.49,0.34,0.23,0.28,0.26,0.49,1.04,1.38,tick=49389 goal=0,0,0,
1787895975.3,0.21,1.33,124.6,0.37,0.31,0.22,0.29,0.27,0.41,1.30,1.25,0.46,0.38,0.26,0.28,0.29,0.51,1.33,0.97,tick=49448 goal=0,0,0,
1787895975.9,0.17,1.38,126.3,0.33,0.27,0.20,0.28,0.24,0.41,1.93,1.03,0.49,0.36,0.30,0.27,0.33,0.55,2.10,0.77,tick=49506 goal=0,0,0,
1787895976.5,0.17,1.38,143.6,0.30,0.23,0.20,0.28,0.26,0.49,2.36,0.81,0.44,0.29,0.31,0.29,0.45,0.68,2.08,0.56,tick=49570 goal=0,0,0,
1787895977.2,0.17,1.38,158.4,0.29,0.21,0.26,0.26,0.42,1.93,1.05,0.48,0.38,0.28,0.29,0.32,0.56,1.72,0.90,0.30,tick=49633 goal=0,0,0,
1787895977.8,0.17,1.38,173.1,0.21,0.23,0.26,0.27,0.72,2.42,0.59,0.41,0.28,0.29,0.28,0.49,0.99,2.11,0.53,0.28,tick=49697 goal=0,0,0,
1787895978.4,0.17,1.38,185.3,0.20,0.27,0.26,0.44,2.36,0.86,0.45,0.27,0.29,0.29,0.36,0.59,2.11,0.63,0.32,0.23,tick=49760 goal=0,0,0,
1787895979.1,0.17,1.38,203.2,0.25,0.26,0.38,1.28,1.58,0.53,0.40,0.29,0.28,0.32,0.53,1.33,0.96,0.63,0.29,0.21,tick=49824 goal=0,0,0,
1787895979.8,0.17,1.38,216.0,0.27,0.25,0.54,2.35,0.68,0.40,0.27,0.31,0.28,0.46,0.87,2.09,0.57,0.30,0.24,0.23,tick=49887 goal=0,0,0,
1787895980.4,0.18,1.38,231.7,0.25,0.45,0.54,0.88,0.45,0.26,0.31,0.27,0.35,0.56,2.06,0.68,0.30,0.27,0.20,0.28,tick=49958 goal=0,0,0,
1787895981.1,0.18,1.39,245.9,0.39,1.02,1.63,0.54,0.39,0.30,0.28,0.31,0.51,1.29,1.12,0.53,0.30,0.23,0.26,0.27,tick=50022 goal=0,0,0,
1787895981.7,0.18,1.39,253.3,0.51,2.35,0.77,0.42,0.25,0.30,0.29,0.45,0.69,2.05,0.57,0.30,0.24,0.22,0.27,0.24,tick=50085 goal=0,0,0,
1787895982.3,0.18,1.39,270.7,2.39,1.04,0.50,0.28,0.29,0.29,0.31,0.54,2.09,2.05,0.34,0.27,0.21,0.27,0.25,0.42,tick=50149 goal=0,0,0,
1787895982.9,0.18,1.33,276.5,2.38,0.65,0.40,0.25,0.29,0.27,0.47,0.88,2.08,0.55,0.32,0.25,0.25,0.27,0.24,0.70,tick=50207 goal=0,0,0,
1787895983.5,0.20,1.28,280.9,2.04,0.55,0.39,0.27,0.29,0.27,0.52,1.07,1.34,0.57,0.31,0.22,0.27,0.26,0.35,0.94,tick=50266 goal=0,0,0,
1787895984.1,0.21,1.21,286.2,1.25,0.50,0.37,0.26,0.30,0.30,0.54,1.36,0.97,0.36,0.27,0.24,0.27,0.23,0.40,1.27,tick=50325 goal=0,0,0,
1787895984.7,0.23,1.16,291.6,0.97,0.47,0.35,0.24,0.30,0.30,0.60,1.82,0.79,0.38,0.26,0.27,0.23,0.23,0.40,2.29,tick=50383 goal=0,0,0,
1787895985.2,0.26,1.10,289.4,0.79,0.43,0.36,0.22,0.30,0.32,0.61,2.14,0.70,0.38,0.25,0.28,0.22,0.31,0.45,2.30,tick=50442 goal=0,0,0,
1787895985.8,0.28,1.05,299.7,0.69,0.38,0.33,0.23,0.29,0.32,0.66,2.19,0.67,0.35,0.26,0.27,0.20,0.34,0.64,2.23,tick=50500 goal=0,0,0,
1787895986.5,0.32,0.99,304.9,0.51,0.34,0.29,0.21,0.29,0.35,0.81,2.25,0.46,0.32,0.28,0.23,0.25,0.37,0.91,1.96,tick=50558 goal=0,0,0,
1787895987.1,0.36,0.94,309.7,0.40,0.29,0.28,0.21,0.29,0.36,1.43,1.10,0.45,0.29,0.30,0.24,0.32,0.58,1.81,0.92,tick=50627 goal=0,0,0,
1787895987.7,0.36,0.93,324.9,0.33,0.28,0.22,0.23,0.29,0.62,2.26,0.74,0.43,0.33,0.27,0.26,0.34,0.63,2.21,0.65,tick=50691 goal=0,0,0,
1787895988.4,0.36,0.94,336.5,0.28,0.27,0.19,0.28,0.36,1.46,1.08,0.46,0.31,0.31,0.24,0.33,0.57,2.23,0.88,0.39,tick=50755 goal=0,0,0,
1787895989.0,0.36,0.94,349.8,0.28,0.20,0.26,0.34,0.69,2.25,0.70,0.37,0.32,0.25,0.29,0.36,0.86,2.25,0.53,0.33,tick=50818 goal=0,0,0,
1787895989.7,0.35,0.94,2.3,0.26,0.22,0.29,0.60,2.25,0.86,0.44,0.37,0.28,0.24,0.33,0.59,2.23,0.70,0.36,0.29,tick=50882 goal=0,0,0,
1787895990.4,0.35,0.93,21.9,0.20,0.31,0.34,1.13,1.48,0.49,0.32,0.33,0.24,0.32,0.42,1.23,1.42,0.39,0.30,0.27,tick=50945 goal=0,0,0,
1787895991.0,0.35,0.93,35.0,0.26,0.33,0.66,2.24,0.70,0.36,0.33,0.24,0.32,0.36,0.86,2.24,0.59,0.34,0.29,0.19,tick=51019 goal=0,0,0,
1787895991.7,0.35,0.93,48.2,0.30,0.60,2.23,0.89,0.45,0.32,0.28,0.26,0.34,0.60,2.21,0.69,0.36,0.28,0.25,0.20,tick=51083 goal=0,0,0,
1787895992.4,0.35,0.93,63.8,0.35,1.14,1.28,0.47,0.31,0.30,0.24,0.31,0.54,1.81,1.15,0.41,0.29,0.27,0.20,0.31,tick=51154 goal=0,0,0,
1787895993.0,0.37,0.98,64.7,0.59,2.19,0.79,0.44,0.31,0.27,0.24,0.33,0.62,2.24,0.70,0.36,0.26,0.24,0.22,0.29,tick=51212 goal=0,0,0,
1787895993.6,0.37,0.99,76.2,0.65,2.24,0.69,0.38,0.32,0.25,0.30,0.41,0.89,2.25,0.48,0.29,0.28,0.18,0.25,0.30,tick=51276 goal=0,0,0,
1787895994.2,0.38,1.04,87.0,1.43,1.07,0.44,0.32,0.32,0.24,0.33,0.58,2.24,0.86,0.39,0.28,0.23,0.21,0.26,0.36,tick=51334 goal=0,0,0,
1787895995.0,0.38,1.12,89.5,2.18,0.78,0.43,0.30,0.31,0.27,0.38,0.65,2.27,0.68,0.34,0.29,0.17,0.26,0.27,0.58,tick=51410 goal=0,0,0,
1787895995.6,0.37,1.19,99.3,2.19,0.67,0.41,0.29,0.32,0.26,0.40,0.94,2.05,0.44,0.30,0.18,0.23,0.24,0.32,0.65,tick=51479 goal=0,0,0,
1787895996.2,0.35,1.25,107.1,1.37,0.60,0.37,0.28,0.31,0.28,0.45,1.89,0.97,0.40,0.30,0.19,0.25,0.24,0.44,1.08,tick=51537 goal=0,0,0,
1787895996.8,0.33,1.31,110.5,0.96,0.40,0.35,0.29,0.30,0.28,0.51,2.33,0.81,0.38,0.22,0.22,0.22,0.25,0.54,1.74,tick=51596 goal=0,0,0,
1787895997.5,0.30,1.37,115.6,0.75,0.36,0.30,0.28,0.32,0.30,0.70,2.36,0.76,0.37,0.22,0.25,0.24,0.28,0.55,2.09,tick=51654 goal=0,0,0,
1787895998.0,0.27,1.43,119.1,0.59,0.33,0.30,0.26,0.30,0.34,0.74,2.41,0.53,0.38,0.25,0.27,0.24,0.38,0.68,2.08,tick=51720 goal=0,0,0,
1787895998.6,0.24,1.48,123.6,0.54,0.31,0.27,0.25,0.30,0.42,1.02,1.66,0.50,0.26,0.29,0.24,0.24,0.46,0.99,2.09,tick=51779 goal=0,0,0,
1787895999.2,0.20,1.53,129.5,0.50,0.29,0.23,0.25,0.33,0.44,1.37,1.10,0.53,0.26,0.28,0.25,0.31,0.49,1.27,0.91,tick=51838 goal=0,0,0,
1787895999.8,0.20,1.53,142.3,0.28,0.27,0.24,0.26,0.30,0.51,2.43,0.84,0.44,0.29,0.26,0.25,0.42,0.62,2.08,0.65,tick=51901 goal=0,0,0,
1787896000.5,0.20,1.53,155.8,0.28,0.23,0.23,0.31,0.41,1.37,1.10,0.52,0.29,0.30,0.24,0.30,0.49,1.30,0.89,0.49,tick=51965 goal=0,0,0,
1787896001.2,0.20,1.53,171.3,0.24,0.21,0.32,0.30,0.76,2.46,0.59,0.42,0.30,0.28,0.29,0.47,0.89,2.05,0.51,0.27,tick=52028 goal=0,0,0,
1787896001.9,0.21,1.53,181.9,0.24,0.27,0.31,0.50,2.44,0.83,0.46,0.28,0.26,0.26,0.41,0.58,2.06,0.65,0.29,0.28,tick=52102 goal=0,0,0,
1787896002.5,0.21,1.53,199.3,0.22,0.30,0.34,1.36,1.12,0.52,0.27,0.29,0.26,0.29,0.41,1.27,0.89,0.48,0.28,0.24,tick=52165 goal=0,0,0,
1787896003.1,0.21,1.54,213.4,0.30,0.30,0.60,2.45,0.60,0.44,0.30,0.26,0.27,0.47,0.88,2.02,0.52,0.27,0.27,0.24,tick=52229 goal=0,0,0,
1787896003.8,0.21,1.54,227.5,0.30,0.46,2.42,0.91,0.45,0.29,0.27,0.25,0.38,0.54,2.02,0.69,0.34,0.30,0.23,0.25,tick=52292 goal=0,0,0,
1787896004.4,0.21,1.54,239.8,0.31,1.02,1.67,0.53,0.29,0.29,0.25,0.28,0.38,1.22,1.26,0.51,0.28,0.23,0.22,0.33,tick=52356 goal=0,0,0,
1787896005.0,0.21,1.54,254.8,0.55,2.41,0.66,0.44,0.28,0.26,0.25,0.43,0.63,2.06,0.55,0.31,0.27,0.22,0.31,0.32,tick=52419 goal=0,0,0,
1787896005.7,0.20,1.48,262.9,1.03,1.64,0.54,0.30,0.30,0.27,0.28,0.49,1.24,1.27,0.52,0.28,0.25,0.23,0.31,0.33,tick=52478 goal=0,0,0,
1787896006.4,0.20,1.40,261.9,1.40,1.06,0.50,0.30,0.30,0.27,0.31,0.51,1.34,0.90,0.35,0.29,0.24,0.25,0.28,0.43,tick=52554 goal=0,0,0,
1787896007.0,0.20,1.34,268.9,2.35,0.88,0.44,0.27,0.29,0.27,0.35,0.56,2.05,0.70,0.33,0.26,0.20,0.29,0.26,0.44,tick=52613 goal=0,0,0,
1787896007.5,0.20,1.28,271.5,2.34,0.78,0.41,0.26,0.30,0.29,0.39,0.66,2.10,0.60,0.33,0.25,0.23,0.26,0.24,0.49,tick=52671 goal=0,0,0,
1787896008.1,0.21,1.22,279.3,2.36,0.56,0.39,0.25,0.29,0.31,0.48,1.00,2.16,0.59,0.31,0.23,0.28,0.24,0.34,0.70,tick=52729 goal=0,0,0,
1787896008.7,0.22,1.16,280.5,1.58,0.51,0.37,0.25,0.29,0.31,0.52,1.10,1.35,0.39,0.30,0.26,0.26,0.23,0.36,0.97,tick=52788 goal=0,0,0,
1787896009.3,0.23,1.09,286.4,1.48,0.46,0.37,0.25,0.29,0.32,0.57,1.40,1.02,0.39,0.28,0.25,0.23,0.24,0.39,1.24,tick=52847 goal=0,0,0,
1787896009.9,0.25,1.04,288.9,0.94,0.44,0.33,0.24,0.28,0.32,0.59,2.21,0.82,0.39,0.26,0.28,0.21,0.29,0.42,2.25,tick=52907 goal=0,0,0,
1787896010.5,0.28,0.98,293.9,0.73,0.38,0.34,0.23,0.31,0.34,0.66,2.23,0.70,0.39,0.28,0.25,0.21,0.32,0.60,2.25,tick=52965 goal=0,0,0,
1787896011.1,0.30,0.93,300.7,0.73,0.37,0.30,0.20,0.32,0.34,0.70,2.24,0.67,0.35,0.32,0.22,0.23,0.32,0.80,2.25,tick=53024 goal=0,0,0,
1787896011.7,0.34,0.88,306.3,0.46,0.30,0.28,0.20,0.30,0.36,0.90,1.52,0.47,0.32,0.32,0.23,0.29,0.40,1.15,1.47,tick=53082 goal=0,0,0,
1787896012.2,0.37,0.83,307.6,0.39,0.30,0.29,0.20,0.28,0.36,1.22,1.13,0.50,0.34,0.28,0.24,0.31,0.56,1.77,0.90,tick=53141 goal=0,0,0,
1787896012.8,0.41,0.78,304.9,0.33,0.27,0.25,0.22,0.29,0.39,1.51,1.11,0.51,0.36,0.26,0.28,0.30,0.56,2.16,0.82,tick=53199 goal=0,0,0,
1787896013.6,0.41,0.77,323.9,0.31,0.23,0.26,0.20,0.32,0.45,2.27,0.79,0.45,0.38,0.24,0.32,0.37,0.77,2.15,0.61,tick=53263 goal=0,0,0,
1787896014.2,0.41,0.78,339.0,0.25,0.25,0.21,0.27,0.38,1.52,1.15,0.49,0.35,0.24,0.24,0.33,0.54,2.15,0.80,0.33,tick=53337 goal=0,0,0,
1787896014.9,0.41,0.78,357.7,0.23,0.25,0.21,0.31,0.38,2.34,0.53,0.37,0.31,0.25,0.31,0.52,1.09,1.47,0.43,0.29,tick=53400 goal=0,0,0,
1787896015.6,0.41,0.78,9.7,0.26,0.19,0.32,0.67,2.32,0.77,0.40,0.35,0.26,0.30,0.37,0.80,2.17,0.57,0.30,0.23,tick=53481 goal=0,0,0,
1787896016.5,0.41,0.78,27.2,0.20,0.30,0.39,2.30,0.95,0.47,0.36,0.25,0.32,0.33,0.58,2.18,0.68,0.31,0.25,0.27,tick=53555 goal=0,0,0,
1787896017.2,0.41,0.77,44.2,0.20,0.36,1.19,1.20,0.52,0.37,0.26,0.28,0.32,0.53,2.19,0.83,0.33,0.27,0.26,0.21,tick=53632 goal=0,0,0,
1787896017.8,0.40,0.77,59.8,0.33,0.68,2.30,0.76,0.36,0.33,0.25,0.32,0.39,1.05,2.20,0.53,0.30,0.25,0.24,0.20,tick=53696 goal=0,0,0,
1787896018.5,0.40,0.77,71.1,0.40,2.31,0.92,0.46,0.36,0.26,0.31,0.35,0.59,2.19,2.20,0.32,0.25,0.27,0.20,0.30,tick=53759 goal=0,0,0,
1787896019.2,0.42,0.83,79.8,0.74,2.32,0.53,0.36,0.33,0.25,0.33,0.51,1.13,1.43,0.40,0.29,0.24,0.24,0.19,0.34,tick=53825 goal=0,0,0,
1787896019.8,0.43,0.90,80.0,1.15,1.34,0.50,0.34,0.31,0.25,0.34,0.58,1.77,0.85,0.35,0.25,0.26,0.19,0.27,0.35,tick=53894 goal=0,0,0,
1787896020.4,0.43,0.96,89.0,1.49,1.10,0.46,0.32,0.33,0.27,0.34,0.60,2.21,0.69,0.33,0.25,0.23,0.15,0.26,0.35,tick=53952 goal=0,0,0,
1787896020.9,0.43,1.02,92.5,2.26,0.76,0.44,0.34,0.31,0.27,0.38,0.84,2.20,0.59,0.32,0.26,0.17,0.20,0.27,0.57,tick=54011 goal=0,0,0,
1787896021.5,0.42,1.08,101.0,2.22,0.70,0.40,0.35,0.29,0.34,0.45,1.19,1.50,0.39,0.27,0.24,0.17,0.25,0.29,0.66,tick=54069 goal=0,0,0,
1787896022.1,0.39,1.13,113.8,1.05,0.47,0.34,0.34,0.29,0.37,0.63,2.26,1.50,0.38,0.28,0.19,0.23,0.24,0.36,1.39,tick=54128 goal=0,0,0,
1787896022.7,0.37,1.19,115.1,0.80,0.42,0.32,0.33,0.29,0.38,0.68,2.28,0.64,0.32,0.26,0.17,0.23,0.24,0.54,2.14,tick=54186 goal=0,0,0,
1787896023.3,0.34,1.24,116.2,0.66,0.38,0.29,0.32,0.27,0.40,0.90,2.36,0.47,0.32,0.19,0.26,0.23,0.28,0.60,2.12,tick=54245 goal=0,0,0,
1787896023.9,0.31,1.29,126.9,0.60,0.35,0.28,0.32,0.28,0.43,1.21,1.56,0.45,0.34,0.20,0.27,0.25,0.36,0.97,2.15,tick=54303 goal=0,0,0,
1787896024.5,0.26,1.35,128.4,0.55,0.32,0.27,0.30,0.28,0.43,1.35,1.00,0.47,0.35,0.24,0.27,0.26,0.50,1.31,1.13,tick=54361 goal=0,0,0,
1787896025.2,0.21,1.40,134.1,0.34,0.30,0.23,0.29,0.28,0.44,2.36,0.90,0.44,0.27,0.28,0.27,0.28,0.53,2.10,0.91,tick=54425 goal=0,0,0,
1787896025.8,0.21,1.41,144.0,0.32,0.28,0.24,0.29,0.28,0.71,2.36,0.61,0.41,0.26,0.28,0.26,0.46,0.70,2.05,0.55,tick=54500 goal=0,0,0,
1787896026.5,0.21,1.40,161.7,0.29,0.23,0.28,0.27,0.46,2.39,0.91,0.44,0.28,0.28,0.25,0.32,0.53,2.06,0.74,0.33,tick=54563 goal=0,0,0,
1787896027.1,0.22,1.40,167.0,0.25,0.26,0.28,0.34,0.97,1.68,0.51,0.42,0.28,0.27,0.27,0.50,1.03,2.12,0.55,0.31,tick=54627 goal=0,0,0,
1787896027.7,0.22,1.40,189.8,0.23,0.30,0.27,0.51,2.38,1.68,0.42,0.26,0.29,0.27,0.40,0.57,2.14,0.60,0.31,0.28,tick=54690 goal=0,0,0,
1787896028.4,0.22,1.40,204.3,0.27,0.29,0.43,1.97,1.06,0.48,0.27,0.29,0.26,0.28,0.51,1.32,0.90,0.51,0.28,0.24,tick=54754 goal=0,0,0,
1787896029.0,0.22,1.41,217.0,0.29,0.29,0.77,2.42,0.56,0.39,0.25,0.26,0.27,0.48,0.93,2.10,0.55,0.28,0.26,0.25,tick=54817 goal=0,0,0,
1787896029.6,0.22,1.41,228.1,0.27,0.49,2.39,0.86,0.42,0.23,0.29,0.26,0.32,0.54,2.03,0.71,0.34,0.28,0.21,0.29,tick=54881 goal=0,0,0,
1787896030.4,0.22,1.41,244.2,0.40,1.28,1.60,0.52,0.36,0.28,0.24,0.27,0.50,1.28,1.27,0.53,0.31,0.23,0.26,0.29,tick=54954 goal=0,0,0,
1787896031.0,0.22,1.41,256.9,0.75,2.42,0.56,0.39,0.26,0.28,0.27,0.45,0.89,2.08,0.55,0.32,0.28,0.25,0.28,0.28,tick=55017 goal=0,0,0,
1787896031.7,0.22,1.41,275.7,2.39,0.86,0.44,0.24,0.30,0.26,0.32,0.54,2.03,0.71,0.32,0.32,0.24,0.30,0.28,0.47,tick=55082 goal=0,0,0,
1787896032.3,0.23,1.35,278.0,2.40,0.54,0.40,0.26,0.26,0.24,0.46,0.95,2.12,0.56,0.31,0.26,0.23,0.28,0.31,0.76,tick=55141 goal=0,0,0,
1787896033.0,0.25,1.28,285.8,1.58,0.49,0.38,0.25,0.25,0.27,0.50,1.32,1.32,0.56,0.31,0.24,0.28,0.27,0.40,1.28,tick=55209 goal=0,0,0,
1787896033.6,0.27,1.22,289.6,0.98,0.45,0.38,0.23,0.27,0.29,0.54,1.39,0.96,0.36,0.30,0.28,0.27,0.24,0.43,2.35,tick=55278 goal=0,0,0,
1787896034.2,0.29,1.16,289.3,0.82,0.43,0.34,0.22,0.26,0.29,0.57,2.17,0.82,0.37,0.28,0.27,0.27,0.29,0.46,2.31,tick=55336 goal=0,0,0,
1787896034.8,0.31,1.10,290.3,0.74,0.40,0.34,0.21,0.27,0.28,0.58,2.15,0.77,0.40,0.27,0.28,0.24,0.34,0.64,2.32,tick=55395 goal=0,0,0,
1787896035.4,0.33,1.05,296.7,0.64,0.35,0.31,0.19,0.28,0.30,0.62,2.23,0.68,0.39,0.31,0.30,0.25,0.36,0.69,2.23,tick=55453 goal=0,0,0,
1787896036.0,0.37,0.99,302.3,0.45,0.29,0.28,0.19,0.27,0.31,0.65,2.25,0.68,0.39,0.31,0.26,0.28,0.39,0.95,2.02,tick=55512 goal=0,0,0,
1787896036.5,0.40,0.94,304.8,0.39,0.28,0.26,0.18,0.27,0.34,0.81,2.25,0.49,0.38,0.33,0.24,0.33,0.43,1.21,1.46,tick=55570 goal=0,0,0,
1787896037.2,0.40,0.94,320.2,0.35,0.26,0.21,0.17,0.28,0.35,1.50,1.06,0.48,0.34,0.31,0.28,0.36,0.60,2.21,0.71,tick=55634 goal=0,0,0,
1787896037.8,0.40,0.94,332.5,0.27,0.27,0.18,0.26,0.32,0.73,2.29,0.68,0.36,0.35,0.24,0.33,0.44,1.21,1.46,0.38,tick=55697 goal=0,0,0,
1787896038.4,0.40,0.94,348.0,0.26,0.20,0.20,0.29,0.63,2.28,0.76,0.44,0.35,0.27,0.30,0.38,0.81,2.17,0.64,0.31,tick=55761 goal=0,0,0,
1787896039.1,0.40,0.94,358.8,0.24,0.18,0.27,0.33,1.43,1.11,0.48,0.32,0.33,0.24,0.35,0.60,2.23,0.85,0.36,0.26,tick=55825 goal=0,0,0,
1787896039.7,0.40,0.94,13.9,0.18,0.26,0.29,0.69,2.27,0.70,0.39,0.34,0.26,0.32,0.41,1.14,1.94,0.41,0.29,0.25,tick=55888 goal=0,0,0,
1787896040.4,0.39,0.94,26.9,0.18,0.28,0.57,2.22,0.87,0.45,0.32,0.29,0.27,0.36,0.61,2.23,0.67,0.33,0.26,0.21,tick=55952 goal=0,0,0,
1787896041.0,0.39,0.94,45.6,0.29,0.32,1.09,1.45,0.52,0.34,0.34,0.24,0.36,0.56,1.80,0.89,0.37,0.27,0.25,0.17,tick=56015 goal=0,0,0,
1787896041.6,0.39,0.94,53.4,0.30,0.65,2.25,0.73,0.42,0.35,0.27,0.32,0.39,0.88,2.23,0.51,0.31,0.27,0.18,0.23,tick=56079 goal=0,0,0,
1787896042.3,0.39,0.94,68.0,0.39,1.51,0.95,0.47,0.33,0.31,0.28,0.36,0.60,2.22,0.72,0.37,0.25,0.23,0.19,0.28,tick=56143 goal=0,0,0,
1787896043.0,0.39,0.94,81.8,0.71,2.29,0.70,0.35,0.33,0.25,0.33,0.43,1.18,1.45,0.39,0.27,0.26,0.20,0.28,0.34,tick=56206 goal=0,0,0,
1787896043.6,0.39,0.99,90.3,2.21,0.86,0.46,0.33,0.29,0.27,0.34,0.64,2.23,0.67,0.36,0.26,0.20,0.19,0.29,0.57,tick=56275 goal=0,0,0,
1787896044.3,0.38,1.06,96.3,2.18,0.72,0.40,0.34,0.30,0.29,0.41,0.89,2.27,0.43,0.29,0.28,0.17,0.27,0.30,0.61,tick=56344 goal=0,0,0,
1787896045.0,0.35,1.13,108.4,1.43,0.64,0.38,0.32,0.28,0.32,0.46,1.88,0.97,0.40,0.27,0.17,0.22,0.26,0.33,1.07,tick=56403 goal=0,0,0,
1787896045.6,0.33,1.19,113.6,0.83,0.39,0.30,0.32,0.26,0.35,0.65,2.32,0.73,0.35,0.29,0.17,0.25,0.27,0.55,2.16,tick=56472 goal=0,0,0,
1787896046.1,0.30,1.24,114.9,0.67,0.36,0.27,0.32,0.27,0.40,0.70,2.30,0.55,0.35,0.21,0.22,0.24,0.28,0.60,2.17,tick=56531 goal=0,0,0,
1787896088.6,0.01,0.03,71.5,0.28,2.26,0.89,0.51,0.39,0.37,0.39,0.49,1.20,2.28,0.33,0.22,0.14,0.07,0.11,0.21,tick=60776 goal=0,,,
1787896089.2,0.01,0.03,87.9,0.63,2.27,0.73,0.46,0.44,0.33,0.44,0.67,2.25,0.67,0.24,0.21,0.10,0.07,0.17,0.22,tick=60839 goal=0,,,
1787896089.9,0.01,0.03,106.4,2.19,0.78,0.49,0.40,0.36,0.40,0.65,1.90,0.91,0.29,0.20,0.13,0.09,0.16,0.21,0.55,tick=60903 goal=0,,,
1787896090.4,-0.02,0.11,115.4,1.08,0.51,0.40,0.41,0.34,0.46,0.89,2.25,0.39,0.23,0.17,0.10,0.11,0.21,0.24,1.46,tick=60958 goal=0,,,
1787896091.0,-0.07,0.18,128.4,0.72,0.48,0.36,0.36,0.42,0.54,1.93,0.93,0.34,0.24,0.10,0.14,0.20,0.21,0.56,2.22,tick=61014 goal=0,,,
1787896091.5,-0.13,0.24,138.4,0.64,0.41,0.37,0.32,0.44,0.68,2.31,0.52,0.28,0.15,0.13,0.19,0.19,0.27,1.34,1.05,tick=61069 goal=0,,,
1787896092.1,-0.17,0.28,141.2,0.41,0.35,0.36,0.29,0.45,0.96,2.33,0.43,0.30,0.14,0.18,0.18,0.24,0.53,2.18,0.77,tick=61125 goal=0,,,
1787896092.6,-0.21,0.31,150.9,0.38,0.30,0.37,0.30,0.48,1.32,0.99,0.41,0.30,0.17,0.22,0.20,0.27,0.72,2.15,0.62,tick=61181 goal=0,,,
1787896093.2,-0.26,0.33,155.3,0.36,0.29,0.35,0.29,0.53,2.36,0.84,0.36,0.20,0.22,0.21,0.23,0.48,1.32,0.99,0.56,tick=61236 goal=0,,,
1787896093.8,-0.31,0.35,156.6,0.30,0.28,0.31,0.33,0.71,2.38,0.74,0.35,0.22,0.24,0.22,0.26,0.54,2.06,0.77,0.38,tick=61292 goal=0,,,
1787896094.4,-0.31,0.35,175.6,0.27,0.31,0.29,0.43,1.00,1.62,0.49,0.35,0.23,0.25,0.24,0.43,0.95,2.13,0.58,0.34,tick=61355 goal=0,,,
1787896095.0,-0.31,0.35,192.8,0.26,0.30,0.34,0.75,2.33,0.57,0.37,0.22,0.24,0.25,0.32,0.56,2.14,0.64,0.36,0.29,tick=61419 goal=0,,,
1787896095.7,-0.31,0.35,208.9,0.32,0.29,0.49,2.36,0.82,0.39,0.23,0.25,0.24,0.28,0.51,2.10,0.94,0.35,0.32,0.26,tick=61482 goal=0,,,
1787896096.4,-0.31,0.35,225.4,0.27,0.44,1.35,1.03,0.46,0.33,0.24,0.24,0.25,0.47,1.10,1.30,0.55,0.36,0.28,0.31,tick=61546 goal=0,,,
1787896097.0,-0.31,0.36,241.4,0.45,1.01,1.63,0.49,0.37,0.23,0.25,0.27,0.44,0.94,2.12,0.60,0.55,0.26,0.28,0.31,tick=61619 goal=0,,,
1787896097.6,-0.33,0.31,245.3,0.49,2.35,0.83,0.38,0.23,0.24,0.24,0.26,0.54,2.11,0.92,0.36,0.31,0.26,0.31,0.29,tick=61674 goal=0,,,
1787896098.1,-0.35,0.26,242.0,0.48,2.36,0.77,0.39,0.24,0.24,0.26,0.29,0.56,2.09,0.75,0.36,0.30,0.28,0.30,0.28,tick=61730 goal=0,,,
1787896098.7,-0.37,0.21,241.5,0.66,2.31,0.77,0.38,0.26,0.27,0.27,0.32,0.58,2.15,0.64,0.37,0.26,0.27,0.26,0.32,tick=61785 goal=0,,,
1787896099.2,-0.39,0.16,252.7,0.67,2.28,0.72,0.37,0.27,0.26,0.29,0.34,0.64,2.14,0.63,0.35,0.25,0.29,0.24,0.33,tick=61840 goal=0,,,
1787896099.8,-0.40,0.11,258.0,0.68,2.32,0.63,0.37,0.30,0.27,0.30,0.36,0.79,2.19,0.63,0.33,0.25,0.28,0.22,0.32,tick=61896 goal=0,,,
1787896100.4,-0.41,0.06,258.1,0.94,1.54,0.50,0.36,0.28,0.26,0.32,0.50,1.12,1.41,0.39,0.28,0.25,0.23,0.21,0.37,tick=61951 goal=0,,,
1787896100.9,-0.41,0.00,262.8,1.81,1.19,0.45,0.35,0.29,0.27,0.32,0.58,1.45,0.91,0.40,0.24,0.29,0.20,0.26,0.35,tick=62008 goal=0,,,
1787896101.5,-0.41,-0.05,268.0,2.23,0.88,0.41,0.36,0.29,0.30,0.35,0.65,2.21,0.69,0.37,0.27,0.23,0.19,0.29,0.40,tick=62063 goal=0,,,
1787896102.0,-0.41,-0.10,272.8,2.20,0.71,0.40,0.33,0.29,0.32,0.39,0.69,2.24,0.68,0.31,0.27,0.19,0.20,0.30,0.57,tick=62119 goal=0,,,
1787896102.7,-0.39,-0.19,281.1,1.95,0.62,0.35,0.31,0.27,0.35,0.39,1.11,1.51,0.40,0.30,0.25,0.19,0.26,0.32,0.85,tick=62175 goal=0,,,
1787896103.2,-0.36,-0.28,288.5,0.89,0.43,0.34,0.30,0.25,0.36,0.54,1.92,0.82,0.39,0.30,0.18,0.23,0.27,0.49,2.13,tick=62238 goal=0,,,
1787896103.8,-0.34,-0.33,299.2,0.67,0.36,0.30,0.31,0.27,0.39,0.71,2.38,0.57,0.35,0.28,0.20,0.24,0.31,0.56,2.10,tick=62293 goal=0,,,
1787896104.4,-0.31,-0.37,300.1,0.57,0.32,0.29,0.31,0.25,0.41,0.80,2.37,0.53,0.36,0.21,0.23,0.26,0.35,0.97,2.16,tick=62349 goal=0,,,
1787896105.1,-0.26,-0.43,303.7,0.47,0.29,0.27,0.28,0.26,0.41,1.27,1.21,0.48,0.35,0.22,0.27,0.28,0.47,1.68,1.29,tick=62424 goal=0,,,
1787896105.8,-0.22,-0.48,309.8,0.34,0.27,0.24,0.29,0.26,0.41,1.63,0.97,0.42,0.29,0.28,0.28,0.30,0.64,2.08,0.72,tick=62490 goal=0,,,
1787896106.5,-0.21,-0.49,326.4,0.27,0.24,0.21,0.28,0.25,0.77,2.38,0.61,0.41,0.26,0.27,0.29,0.46,0.96,2.10,0.72,tick=62563 goal=0,,,
1787896107.1,-0.21,-0.49,348.1,0.26,0.24,0.28,0.25,0.46,2.38,0.89,0.41,0.28,0.28,0.27,0.44,0.69,2.08,0.67,0.31,tick=62627 goal=0,,,
1787896107.7,-0.21,-0.49,357.5,0.25,0.27,0.27,0.41,1.30,1.24,0.49,0.34,0.26,0.27,0.30,0.50,2.08,0.98,0.39,0.27,tick=62690 goal=0,,,
1787896108.4,-0.21,-0.49,12.8,0.24,0.27,0.39,0.81,2.41,0.59,0.43,0.25,0.27,0.28,0.47,1.06,1.76,0.48,0.26,0.26,tick=62754 goal=0,,,
1787896109.0,-0.21,-0.49,31.3,0.29,0.27,0.51,2.44,0.62,0.42,0.25,0.27,0.27,0.47,0.75,2.05,0.53,0.29,0.24,0.23,tick=62817 goal=0,,,
1787896109.6,-0.22,-0.49,44.9,0.26,0.45,2.02,0.91,0.42,0.28,0.25,0.26,0.33,0.65,2.06,0.70,0.33,0.25,0.23,0.30,tick=62881 goal=0,,,
1787896110.3,-0.22,-0.49,64.9,0.40,0.99,1.29,0.53,0.40,0.27,0.28,0.28,0.48,1.64,1.27,0.45,0.28,0.25,0.25,0.27,tick=62944 goal=0,,,
1787896111.0,-0.20,-0.43,69.3,0.48,2.40,0.85,0.42,0.26,0.26,0.27,0.43,0.71,2.05,0.56,0.29,0.25,0.22,0.29,0.25,tick=63000 goal=0,,,
1787896111.9,-0.20,-0.42,89.3,1.24,1.22,0.55,0.40,0.25,0.30,0.30,0.50,2.11,1.01,0.37,0.26,0.23,0.28,0.23,0.38,tick=63093 goal=0,,,
1787896112.4,-0.20,-0.37,99.2,2.34,0.60,0.41,0.26,0.26,0.30,0.47,0.99,2.13,0.54,0.37,0.26,0.25,0.24,0.33,0.72,tick=63159 goal=0,,,
1787896113.2,-0.23,-0.27,102.7,1.64,0.56,0.38,0.26,0.29,0.31,0.52,1.16,1.35,0.44,0.28,0.24,0.26,0.22,0.36,0.79,tick=63234 goal=0,,,
1787896113.8,-0.26,-0.17,105.4,1.15,0.50,0.34,0.25,0.25,0.33,0.56,2.20,0.84,0.35,0.30,0.26,0.20,0.27,0.38,1.25,tick=63300 goal=0,,,
1787896114.5,-0.29,-0.09,113.3,0.85,0.45,0.32,0.24,0.26,0.30,0.57,2.19,0.69,0.35,0.28,0.27,0.20,0.32,0.60,2.26,tick=63355 goal=0,,,
1787896115.1,-0.33,-0.02,120.9,0.71,0.35,0.32,0.24,0.25,0.35,0.82,2.23,0.61,0.37,0.31,0.21,0.30,0.34,0.68,2.22,tick=63421 goal=0,,,
1787896115.6,-0.36,0.02,125.9,0.43,0.29,0.30,0.20,0.28,0.36,1.15,1.48,0.48,0.34,0.30,0.21,0.31,0.36,1.09,1.45,tick=63478 goal=0,,,
1787896116.2,-0.39,0.06,131.8,0.41,0.27,0.28,0.23,0.26,0.40,1.82,1.19,0.47,0.32,0.27,0.28,0.32,0.59,1.43,1.03,tick=63533 goal=0,,,
1787896116.7,-0.43,0.10,128.2,0.38,0.25,0.28,0.21,0.28,0.41,2.27,0.94,0.44,0.36,0.24,0.31,0.33,0.61,2.19,0.81,tick=63589 goal=0,,,
1787896117.4,-0.43,0.11,146.2,0.32,0.23,0.24,0.20,0.32,0.60,2.24,0.72,0.42,0.34,0.25,0.32,0.37,0.74,2.14,0.61,tick=63652 goal=0,,,
1787896118.1,-0.43,0.11,161.9,0.24,0.27,0.20,0.24,0.41,2.27,0.88,0.43,0.36,0.23,0.32,0.34,0.63,2.16,0.68,0.35,tick=63716 goal=0,,,
1787896118.7,-0.42,0.11,179.2,0.23,0.22,0.22,0.39,1.84,0.96,0.46,0.36,0.25,0.31,0.31,0.59,1.83,0.83,0.38,0.25,tick=63789 goal=0,,,
1787896119.4,-0.42,0.11,196.0,0.23,0.20,0.34,0.90,1.60,0.53,0.35,0.30,0.29,0.32,0.51,1.13,1.38,0.40,0.27,0.22,tick=63853 goal=0,,,
1787896120.0,-0.42,0.11,212.2,0.20,0.32,0.62,2.24,0.72,0.41,0.34,0.27,0.32,0.37,0.74,2.15,0.62,0.32,0.26,0.25,tick=63916 goal=0,,,
1787896120.7,-0.42,0.11,232.5,0.32,0.61,2.29,0.77,0.42,0.37,0.23,0.32,0.37,0.66,2.25,0.64,0.35,0.24,0.26,0.19,tick=63990 goal=0,,,
1787896121.4,-0.42,0.11,249.9,0.39,2.27,0.95,0.45,0.35,0.24,0.31,0.32,0.61,1.85,0.82,0.38,0.23,0.28,0.23,0.25,tick=64053 goal=0,,,
1787896122.0,-0.42,0.11,264.3,0.93,1.55,0.51,0.37,0.28,0.27,0.32,0.51,1.14,1.23,0.41,0.28,0.27,0.23,0.20,0.34,tick=64117 goal=0,,,
1787896122.6,-0.42,0.07,269.9,2.28,0.80,0.42,0.33,0.23,0.30,0.35,0.65,2.18,0.66,0.36,0.25,0.27,0.19,0.29,0.43,tick=64172 goal=0,,,
1787896123.1,-0.41,0.01,274.4,2.23,0.71,0.41,0.36,0.23,0.30,0.35,0.68,2.19,0.66,0.33,0.27,0.22,0.19,0.32,0.61,tick=64228 goal=0,,,
1787896123.7,-0.40,-0.07,275.6,2.26,0.62,0.38,0.35,0.24,0.33,0.38,0.91,2.25,0.43,0.27,0.26,0.20,0.21,0.32,0.82,tick=64284 goal=0,,,
1787896124.4,-0.37,-0.17,287.7,1.42,0.48,0.35,0.32,0.23,0.32,0.44,1.45,1.10,0.44,0.28,0.25,0.19,0.27,0.35,1.16,tick=64339 goal=0,,,
1787896124.9,-0.34,-0.25,295.1,0.81,0.37,0.34,0.30,0.25,0.36,0.66,1.45,0.77,0.36,0.32,0.17,0.23,0.27,0.51,2.17,tick=64408 goal=0,,,
1787896125.5,-0.31,-0.30,301.1,0.62,0.34,0.28,0.30,0.23,0.37,0.78,2.31,0.53,0.34,0.26,0.23,0.26,0.32,0.76,2.15,tick=64463 goal=0,,,
1787896126.0,-0.28,-0.35,304.8,0.54,0.31,0.27,0.29,0.25,0.40,0.90,1.60,0.51,0.36,0.22,0.25,0.26,0.47,1.07,1.41,tick=64519 goal=0,,,
1787896126.7,-0.25,-0.39,311.5,0.45,0.29,0.25,0.29,0.23,0.40,1.26,1.20,0.53,0.35,0.22,0.28,0.30,0.49,1.66,1.30,tick=64574 goal=0,,,
1787896127.3,-0.21,-0.44,308.1,0.34,0.28,0.22,0.28,0.24,0.42,1.59,1.02,0.45,0.38,0.23,0.29,0.32,0.52,2.08,0.77,tick=64637 goal=0,,,
1787896127.9,-0.20,-0.45,330.0,0.29,0.25,0.23,0.28,0.25,0.51,2.41,0.83,0.41,0.26,0.28,0.26,0.46,0.80,2.05,0.54,tick=64711 goal=0,,,
1787896128.6,-0.20,-0.45,341.2,0.26,0.20,0.28,0.23,0.44,2.37,0.89,0.41,0.30,0.28,0.29,0.34,0.69,2.10,0.70,0.32,tick=64774 goal=0,,,
1787896129.2,-0.20,-0.45,359.9,0.22,0.26,0.25,0.39,0.99,1.25,0.53,0.41,0.24,0.29,0.30,0.49,2.14,1.00,0.40,0.27,tick=64838 goal=0,,,
1787896130.0,-0.20,-0.45,20.9,0.23,0.24,0.37,0.77,2.43,0.59,0.40,0.26,0.28,0.28,0.48,1.03,1.85,0.50,0.28,0.25,tick=64901 goal=0,,,
1787896130.7,-0.21,-0.45,31.6,0.26,0.34,0.78,2.37,0.61,0.41,0.28,0.27,0.30,0.47,1.00,2.11,0.51,0.29,0.24,0.22,tick=64983 goal=0,,,
1787896131.3,-0.21,-0.45,50.9,0.24,0.45,2.36,2.37,0.42,0.26,0.28,0.28,0.43,0.71,2.06,0.56,0.29,0.27,0.23,0.28,tick=65047 goal=0,,,
1787896131.9,-0.21,-0.45,69.1,0.41,1.57,1.07,0.49,0.37,0.24,0.28,0.32,0.50,2.07,0.74,0.37,0.26,0.24,0.28,0.24,tick=65110 goal=0,,,
1787896132.6,-0.21,-0.45,87.9,0.82,1.66,0.56,0.39,0.26,0.29,0.30,0.47,1.70,1.33,0.48,0.26,0.26,0.25,0.25,0.39,tick=65174 goal=0,,,
1787896133.2,-0.21,-0.40,92.0,2.36,0.86,0.41,0.28,0.28,0.27,0.35,0.72,2.10,0.62,0.31,0.26,0.24,0.28,0.25,0.44,tick=65239 goal=0,,,
1787896133.8,-0.21,-0.34,96.0,2.42,0.82,0.39,0.29,0.26,0.28,0.46,0.77,2.07,0.56,0.29,0.26,0.24,0.24,0.32,0.48,tick=65295 goal=0,,,
1787896135.2,-0.23,0.04,91.6,2.28,0.74,0.41,0.33,0.28,0.30,0.37,0.81,2.20,0.61,0.35,0.28,0.20,0.22,0.31,0.65,tick=65433 goal=0,,,
1787896135.7,-0.22,0.13,86.6,2.19,0.73,0.41,0.30,0.31,0.26,0.35,0.65,2.24,0.66,0.35,0.29,0.19,0.25,0.28,0.59,tick=65489 goal=0,,,
1787896136.3,-0.21,0.22,86.5,2.17,0.85,0.43,0.31,0.31,0.28,0.36,0.64,2.31,0.75,0.38,0.29,0.18,0.25,0.28,0.54,tick=65544 goal=0,,,
1787896136.8,-0.19,0.30,82.7,1.38,1.00,0.45,0.36,0.29,0.32,0.32,0.49,2.33,0.79,0.38,0.28,0.21,0.24,0.24,0.50,tick=65600 goal=0,,,
1787896137.4,-0.18,0.39,79.5,1.11,1.33,0.61,0.36,0.28,0.34,0.29,0.49,1.94,0.95,0.40,0.22,0.21,0.22,0.22,0.44,tick=65655 goal=0,,,
1787896137.9,-0.17,0.44,75.6,0.91,2.12,0.58,0.37,0.31,0.32,0.31,0.46,1.33,1.08,0.44,0.19,0.20,0.21,0.23,0.41,tick=65711 goal=0,,,
1787896138.5,-0.15,0.50,73.0,0.60,2.09,0.60,0.35,0.34,0.31,0.34,0.47,1.04,1.66,0.46,0.20,0.23,0.21,0.19,0.34,tick=65766 goal=0,,,
1787896139.1,-0.13,0.55,70.9,0.51,2.03,0.67,0.37,0.33,0.28,0.38,0.46,1.01,2.18,0.48,0.22,0.21,0.18,0.18,0.31,tick=65822 goal=0,,,
1787896139.6,-0.11,0.60,69.7,0.47,2.04,0.69,0.48,0.36,0.32,0.40,0.41,0.86,2.46,0.48,0.22,0.21,0.18,0.18,0.29,tick=65877 goal=0,,,
1787896140.2,-0.09,0.65,67.7,0.47,2.06,0.72,0.53,0.34,0.33,0.38,0.39,0.85,2.48,0.49,0.23,0.20,0.16,0.16,0.27,tick=65933 goal=0,,,
1787896140.9,-0.09,0.66,53.5,0.38,1.27,1.04,0.55,0.34,0.35,0.34,0.41,0.64,2.47,0.59,0.23,0.22,0.16,0.15,0.19,tick=65996 goal=0,,,
1787896141.6,-0.09,0.66,29.4,0.21,1.27,2.00,0.89,0.54,0.33,0.34,0.35,0.38,0.65,2.47,0.55,0.26,0.22,0.16,0.15,tick=66077 goal=0,,,
1787896142.2,-0.09,0.66,20.0,0.17,0.29,0.47,2.03,0.72,0.52,0.35,0.32,0.40,0.41,0.89,2.50,0.45,0.23,0.18,0.16,tick=66141 goal=0,,,
1787896143.0,-0.08,0.66,359.6,0.16,0.16,0.35,0.62,2.04,0.52,0.40,0.36,0.32,0.41,0.55,1.41,1.09,0.28,0.23,0.15,tick=66204 goal=0,,,
1787896143.6,-0.08,0.66,340.4,0.17,0.14,0.17,0.37,0.92,1.31,0.54,0.34,0.35,0.34,0.41,0.54,2.05,0.86,0.23,0.21,tick=66278 goal=0,,,
1787896144.4,-0.08,0.66,320.7,0.23,0.17,0.16,0.20,0.39,1.22,1.19,0.53,0.34,0.36,0.33,0.41,0.61,2.47,0.61,0.22,tick=66352 goal=0,,,
1787896145.1,-0.08,0.65,306.3,0.24,0.19,0.17,0.14,0.27,0.41,1.95,0.85,0.52,0.32,0.34,0.38,0.40,0.85,2.43,0.51,tick=66425 goal=0,,,
1787896145.7,-0.08,0.65,286.5,0.41,0.23,0.17,0.14,0.16,0.29,0.45,2.02,0.71,0.52,0.34,0.36,0.43,0.45,1.06,2.48,tick=66489 goal=0,,,
1787896146.4,-0.08,0.65,267.4,1.07,0.26,0.23,0.15,0.18,0.17,0.36,0.66,2.02,0.65,0.41,0.37,0.31,0.39,0.56,1.44,tick=66552 goal=0,,,
1787896147.1,-0.08,0.65,252.5,2.51,0.26,0.24,0.20,0.15,0.15,0.18,0.37,0.94,1.29,0.55,0.35,0.35,0.33,0.39,0.57,tick=66623 goal=0,,,
1787896147.7,-0.08,0.65,236.9,0.82,2.46,0.53,0.21,0.21,0.14,0.15,0.22,0.41,1.96,0.88,0.54,0.34,0.33,0.38,0.39,tick=66687 goal=0,,,
1787896148.3,-0.12,0.61,229.1,0.51,1.35,1.38,0.40,0.21,0.17,0.15,0.15,0.35,0.58,2.03,0.66,0.44,0.34,0.35,0.40,tick=66742 goal=0,,,
1787896148.8,-0.15,0.57,218.5,0.36,0.80,2.41,0.54,0.22,0.21,0.17,0.18,0.26,0.45,1.98,0.87,0.52,0.34,0.32,0.37,tick=66798 goal=0,,,
1787896149.4,-0.20,0.54,214.9,0.35,0.54,2.46,0.89,0.41,0.23,0.21,0.18,0.20,0.45,1.25,1.08,0.53,0.34,0.33,0.33,tick=66853 goal=0,,,
1787896150.0,-0.21,0.54,197.4,0.36,0.36,0.80,2.47,0.51,0.23,0.26,0.22,0.21,0.35,0.55,2.00,0.66,0.34,0.33,0.29,tick=66917 goal=0,,,
1787896150.6,-0.26,0.53,191.3,0.30,0.35,0.50,2.41,0.88,0.42,0.23,0.23,0.21,0.24,0.46,1.30,0.93,0.54,0.33,0.28,tick=66973 goal=0,,,
1787896151.2,-0.26,0.53,177.8,0.25,0.34,0.35,0.82,2.17,0.52,0.26,0.25,0.22,0.23,0.42,0.88,2.08,0.56,0.32,0.31,tick=67037 goal=0,,,
1787896151.8,-0.26,0.53,157.4,0.28,0.28,0.33,0.47,1.39,1.08,0.43,0.25,0.24,0.21,0.23,0.44,1.24,1.28,0.52,0.31,tick=67100 goal=0,,,
1787896152.5,-0.27,0.53,144.5,0.29,0.25,0.30,0.34,0.54,2.42,0.84,0.40,0.25,0.24,0.21,0.27,0.49,2.04,0.87,0.51,tick=67164 goal=0,,,
1787896153.1,-0.27,0.53,124.9,0.31,0.30,0.25,0.32,0.31,0.77,2.38,0.56,0.42,0.26,0.23,0.22,0.38,0.56,2.06,0.65,tick=67227 goal=0,,,
1787896153.7,-0.27,0.53,114.8,0.55,0.32,0.29,0.26,0.33,0.43,1.06,1.67,0.51,0.26,0.27,0.22,0.22,0.44,0.95,2.08,tick=67291 goal=0,,,
1787896154.3,-0.28,0.58,106.9,0.71,0.47,0.32,0.27,0.29,0.31,0.54,2.44,0.78,0.41,0.27,0.22,0.21,0.34,0.50,1.99,tick=67346 goal=0,,,
1787896154.9,-0.30,0.66,107.5,0.86,0.46,0.27,0.29,0.27,0.33,0.52,2.43,0.90,0.45,0.29,0.24,0.23,0.34,0.48,2.01,tick=67402 goal=0,,,
1787896155.5,-0.33,0.76,100.7,0.88,0.47,0.27,0.28,0.26,0.35,0.39,1.48,1.11,0.48,0.30,0.25,0.22,0.34,0.45,1.23,tick=67457 goal=0,,,
1787896156.1,-0.33,0.85,96.6,1.97,0.47,0.30,0.24,0.26,0.29,0.39,0.88,1.77,0.48,0.30,0.26,0.23,0.33,0.42,0.94,tick=67523 goal=0,,,
1787896156.6,-0.33,0.94,89.3,1.89,0.56,0.40,0.23,0.27,0.26,0.39,0.62,2.53,0.66,0.35,0.27,0.25,0.31,0.40,0.80,tick=67580 goal=0,,,
1787896157.2,-0.33,1.03,85.5,1.90,0.72,0.39,0.26,0.23,0.26,0.35,0.47,2.59,0.76,0.38,0.28,0.21,0.31,0.36,0.63,tick=67636 goal=0,,,
1787896157.7,-0.31,1.12,75.4,1.85,0.86,0.40,0.34,0.23,0.28,0.28,0.44,2.19,1.07,0.38,0.29,0.23,0.30,0.33,0.47,tick=67691 goal=0,,,
1787896158.3,-0.28,1.20,78.4,1.03,1.83,0.40,0.35,0.25,0.24,0.30,0.45,0.98,1.84,0.42,0.29,0.23,0.28,0.31,0.37,tick=67747 goal=0,,,
1787896158.9,-0.26,1.25,68.9,0.71,1.76,0.64,0.35,0.32,0.23,0.30,0.36,0.71,2.69,0.64,0.31,0.24,0.25,0.31,0.32,tick=67802 goal=0,,,
1787896159.4,-0.23,1.30,67.3,0.63,1.76,0.68,0.37,0.34,0.25,0.28,0.33,0.54,2.71,0.74,0.35,0.22,0.24,0.28,0.28,tick=67860 goal=0,,,
1787896160.1,-0.21,1.36,56.9,0.44,1.76,0.85,0.42,0.34,0.28,0.24,0.35,0.54,2.71,0.80,0.35,0.23,0.22,0.28,0.27,tick=67916 goal=0,,,
1787896160.6,-0.17,1.41,59.6,0.36,1.00,1.03,0.47,0.33,0.35,0.26,0.37,0.56,2.30,0.89,0.36,0.23,0.24,0.25,0.25,tick=67981 goal=0,,,
1787896161.3,-0.17,1.41,40.1,0.28,0.67,1.71,0.60,0.36,0.35,0.27,0.33,0.44,0.85,2.01,0.47,0.23,0.24,0.24,0.24,tick=68045 goal=0,,,
1787896161.9,-0.17,1.41,25.5,0.24,0.34,0.96,1.78,0.49,0.33,0.35,0.25,0.36,0.57,1.65,1.16,0.38,0.23,0.23,0.24,tick=68108 goal=0,,,
1787896162.6,-0.17,1.41,8.3,0.24,0.25,0.42,1.72,0.95,0.42,0.34,0.34,0.27,0.40,0.58,2.72,0.79,0.29,0.24,0.25,tick=68171 goal=0,,,
1787896163.2,-0.17,1.41,353.9,0.26,0.23,0.27,0.61,1.80,0.64,0.42,0.34,0.29,0.30,0.41,0.76,2.70,0.47,0.26,0.22,tick=68235 goal=0,,,
1787896163.8,-0.16,1.41,334.9,0.24,0.25,0.25,0.29,0.74,1.77,0.61,0.35,0.35,0.30,0.36,0.51,1.07,1.39,0.46,0.23,tick=68299 goal=0,,,
1787896164.5,-0.16,1.41,318.9,0.22,0.24,0.25,0.22,0.35,0.97,1.76,0.45,0.33,0.34,0.28,0.38,0.57,1.39,0.87,0.31,tick=68362 goal=0,,,
1787896165.1,-0.16,1.41,306.0,0.27,0.22,0.24,0.22,0.23,0.54,1.70,0.80,0.45,0.35,0.32,0.28,0.41,0.60,2.75,0.55,tick=68426 goal=0,,,
1787896165.7,-0.16,1.41,287.4,0.47,0.26,0.23,0.24,0.23,0.27,0.64,1.72,0.61,0.38,0.34,0.30,0.31,0.42,0.82,2.76,tick=68489 goal=0,,,
1787896166.5,-0.16,1.40,270.1,1.21,0.45,0.22,0.22,0.24,0.24,0.32,0.93,1.78,0.61,0.35,0.37,0.28,0.36,0.57,1.33,tick=68553 goal=0,,,
1787896167.0,-0.16,1.35,268.1,2.73,0.69,0.28,0.22,0.24,0.24,0.26,0.43,1.71,0.92,0.42,0.34,0.33,0.29,0.39,0.58,tick=68618 goal=0,,,
1787896167.6,-0.18,1.27,255.9,2.28,0.86,0.36,0.22,0.23,0.26,0.26,0.35,1.01,1.06,0.47,0.35,0.33,0.28,0.37,0.56,tick=68673 goal=0,,,
1787896168.1,-0.21,1.19,248.1,1.03,1.38,0.41,0.24,0.20,0.27,0.27,0.32,0.78,1.85,0.52,0.35,0.35,0.26,0.36,0.51,tick=68729 goal=0,,,
1787896168.7,-0.24,1.11,241.0,0.70,2.61,0.60,0.31,0.21,0.23,0.28,0.28,0.68,1.88,0.69,0.36,0.35,0.24,0.30,0.42,tick=68784 goal=0,,,
1787896169.2,-0.28,1.06,235.8,0.47,2.61,0.82,0.39,0.23,0.24,0.27,0.32,0.43,1.86,0.88,0.38,0.37,0.23,0.28,0.33,tick=68840 goal=0,,,
1787896169.9,-0.31,1.02,228.3,0.43,1.18,1.31,0.42,0.30,0.24,0.25,0.33,0.39,1.07,1.87,0.47,0.36,0.23,0.27,0.27,tick=68896 goal=0,,,
1787896170.4,-0.36,0.98,230.7,0.40,0.66,2.60,0.66,0.36,0.24,0.24,0.33,0.39,0.78,1.88,0.52,0.38,0.23,0.25,0.27,tick=68959 goal=0,,,
1787896171.0,-0.40,0.94,220.0,0.35,0.47,2.58,0.74,0.40,0.32,0.24,0.32,0.40,0.76,1.94,0.55,0.39,0.20,0.23,0.27,tick=69014 goal=0,,,
1787896171.6,-0.40,0.94,209.3,0.23,0.41,1.17,1.24,0.55,0.38,0.24,0.29,0.38,0.47,1.47,0.92,0.40,0.24,0.20,0.25,tick=69078 goal=0,,,
1787896172.2,-0.41,0.94,192.1,0.23,0.27,0.39,2.54,1.01,0.37,0.33,0.26,0.30,0.47,0.56,1.88,0.72,0.39,0.20,0.23,tick=69142 goal=0,,,
1787896172.9,-0.41,0.94,171.7,0.22,0.24,0.37,0.56,2.53,0.69,0.39,0.29,0.25,0.36,0.39,0.82,1.87,0.52,0.37,0.23,tick=69205 goal=0,,,
1787896173.5,-0.41,0.94,158.4,0.21,0.23,0.24,0.40,0.70,1.85,0.60,0.37,0.26,0.28,0.35,0.43,1.12,1.93,0.41,0.30,tick=69268 goal=0,,,
1787896174.2,-0.41,0.94,138.7,0.22,0.20,0.24,0.25,0.39,1.51,1.19,0.55,0.36,0.26,0.30,0.37,0.52,1.91,0.76,0.41,tick=69332 goal=0,,,
1787896174.8,-0.41,0.94,123.5,0.38,0.22,0.24,0.23,0.31,0.41,2.56,0.93,0.38,0.29,0.25,0.33,0.39,0.72,1.94,0.57,tick=69395 goal=0,,,
1787896175.4,-0.41,0.94,108.0,0.45,0.36,0.20,0.24,0.24,0.38,0.59,2.57,0.69,0.40,0.28,0.25,0.35,0.40,0.87,1.93,tick=69459 goal=0,,,
1787896176.1,-0.42,0.99,94.2,0.77,0.39,0.25,0.19,0.23,0.26,0.39,1.21,1.23,0.57,0.36,0.27,0.29,0.39,0.52,1.50,tick=69524 goal=0,,,
1787896176.7,-0.43,1.05,94.2,1.91,0.40,0.34,0.18,0.24,0.24,0.39,0.67,2.30,0.62,0.39,0.27,0.28,0.38,0.44,1.13,tick=69580 goal=0,,,
1787896177.3,-0.42,1.11,84.3,1.87,0.49,0.34,0.23,0.19,0.24,0.29,0.44,2.61,0.76,0.41,0.30,0.28,0.36,0.40,0.78,tick=69643 goal=0,,,
1787896177.8,-0.40,1.19,74.4,1.86,0.70,0.34,0.30,0.18,0.21,0.27,0.45,1.56,1.14,0.42,0.32,0.27,0.34,0.37,0.53,tick=69699 goal=0,,,
1787896178.4,-0.37,1.28,69.1,1.01,1.83,0.44,0.30,0.25,0.18,0.26,0.32,0.68,2.43,0.65,0.35,0.29,0.31,0.32,0.42,tick=69755 goal=0,,,
1787896178.9,-0.34,1.33,63.0,0.67,1.84,0.62,0.33,0.31,0.23,0.23,0.31,0.51,2.71,0.80,0.45,0.27,0.30,0.30,0.34,tick=69811 goal=0,,,
1787896179.5,-0.31,1.38,59.1,0.53,1.75,0.86,0.38,0.32,0.28,0.21,0.32,0.50,1.63,1.15,0.45,0.29,0.27,0.30,0.30,tick=69867 goal=0,,,
1787896180.1,-0.28,1.42,52.7,0.42,1.00,1.75,0.42,0.29,0.31,0.25,0.30,0.46,1.07,1.37,0.47,0.27,0.27,0.30,0.29,tick=69922 goal=0,,,
1787896180.6,-0.25,1.46,51.3,0.37,0.96,1.75,0.47,0.32,0.32,0.27,0.28,0.41,0.86,1.95,0.51,0.28,0.26,0.27,0.26,tick=69978 goal=0,,,
1787896181.2,-0.24,1.47,35.3,0.27,0.60,1.76,0.60,0.39,0.31,0.32,0.25,0.38,0.59,2.74,0.71,0.28,0.26,0.27,0.28,tick=70041 goal=0,,,
1787896181.9,-0.24,1.47,22.0,0.26,0.33,0.76,1.71,0.57,0.32,0.32,0.28,0.28,0.39,0.81,2.49,0.49,0.27,0.26,0.26,tick=70105 goal=0,,,
1787896182.5,-0.24,1.47,1.8,0.28,0.26,0.37,0.96,1.74,0.43,0.31,0.33,0.28,0.33,0.55,1.37,1.26,0.47,0.27,0.26,tick=70168 goal=0,,,
1787896183.3,-0.23,1.47,342.8,0.27,0.25,0.26,0.56,1.71,0.82,0.40,0.29,0.32,0.26,0.38,0.59,2.73,0.85,0.34,0.26,tick=70242 goal=0,,,
1787896183.9,-0.23,1.47,327.6,0.27,0.26,0.26,0.29,0.61,1.75,0.62,0.37,0.32,0.31,0.26,0.38,0.58,2.75,0.72,0.30,tick=70305 goal=0,,,
1787896184.5,-0.23,1.46,307.5,0.26,0.27,0.26,0.24,0.31,0.71,1.70,0.57,0.32,0.33,0.28,0.29,0.41,2.75,2.77,0.49,tick=70368 goal=0,,,
1787896185.2,-0.23,1.46,295.1,0.47,0.26,0.26,0.25,0.25,0.36,0.95,1.74,0.47,0.30,0.33,0.26,0.33,0.52,1.34,1.24,tick=70432 goal=0,,,
1787896185.8,-0.23,1.46,283.0,0.84,0.33,0.27,0.28,0.28,0.27,0.55,1.70,0.92,0.39,0.30,0.32,0.26,0.37,0.57,2.74,tick=70496 goal=0,,,
1787896186.3,-0.23,1.41,277.0,1.99,0.48,0.26,0.25,0.27,0.26,0.34,0.91,0.92,0.58,0.31,0.34,0.26,0.30,0.41,0.84,tick=70551 goal=0,,,
1787896186.9,-0.22,1.33,271.9,2.71,0.48,0.29,0.26,0.25,0.25,0.28,0.66,1.77,0.62,0.35,0.32,0.27,0.29,0.40,0.74,tick=70607 goal=0,,,
1787896187.5,-0.23,1.24,263.9,2.71,0.75,0.34,0.22,0.26,0.27,0.29,0.60,1.75,0.67,0.39,0.35,0.27,0.29,0.37,0.54,tick=70662 goal=0,,,
1787896188.0,-0.25,1.15,260.4,2.23,1.04,0.40,0.23,0.23,0.28,0.31,0.42,1.44,1.02,0.45,0.35,0.25,0.27,0.33,0.50,tick=70718 goal=0,,,
1787896188.6,-0.27,1.07,251.7,1.01,1.30,0.41,0.27,0.23,0.26,0.32,0.35,1.04,1.88,0.49,0.37,0.24,0.27,0.31,0.46,tick=70773 goal=0,,,
1787896189.2,-0.31,0.98,246.5,0.63,2.57,0.65,0.33,0.23,0.25,0.32,0.37,0.75,1.85,0.54,0.40,0.25,0.23,0.30,0.42,tick=70836 goal=0,,,
1787896189.7,-0.35,0.93,240.3,0.43,2.55,0.93,0.38,0.29,0.23,0.29,0.38,0.53,1.85,0.54,0.40,0.26,0.25,0.28,0.35,tick=70891 goal=0,,,
1787896190.4,-0.38,0.88,235.9,0.40,1.46,1.21,0.53,0.36,0.25,0.26,0.37,0.44,1.48,0.94,0.41,0.26,0.22,0.27,0.26,tick=70947 goal=0,,,
1787896191.0,-0.39,0.87,219.8,0.38,0.59,2.52,0.69,0.35,0.29,0.26,0.32,0.41,0.82,1.90,0.53,0.38,0.21,0.24,0.26,tick=71018 goal=0,,,
1787896191.6,-0.39,0.87,203.4,0.25,0.39,0.87,1.81,0.58,0.35,0.27,0.23,0.37,0.43,1.13,1.21,0.43,0.26,0.23,0.23,tick=71082 goal=0,,,
1787896192.3,-0.39,0.87,185.0,0.24,0.28,0.39,1.52,1.07,0.53,0.35,0.25,0.28,0.38,0.49,1.93,0.78,0.41,0.22,0.23,tick=71145 goal=0,,,
1787896193.0,-0.39,0.87,164.7,0.24,0.23,0.35,0.41,2.56,0.86,0.36,0.32,0.29,0.29,0.41,0.71,1.97,0.57,0.39,0.22,tick=71219 goal=0,,,
1787896193.7,-0.40,0.87,149.7,0.22,0.23,0.23,0.36,0.56,2.52,0.68,0.36,0.29,0.25,0.33,0.41,0.81,1.89,0.53,0.38,tick=71282 goal=0,,,
1787896194.3,-0.40,0.88,135.5,0.26,0.22,0.25,0.24,0.38,0.67,1.84,0.63,0.35,0.28,0.25,0.36,0.42,1.15,1.94,0.42,tick=71345 goal=0,,,
1787896194.9,-0.40,0.88,119.6,0.41,0.22,0.22,0.24,0.26,0.40,1.48,1.18,0.53,0.35,0.27,0.29,0.38,0.50,1.91,0.80,tick=71409 goal=0,,,
1787896195.6,-0.40,0.88,97.8,0.58,0.38,0.22,0.23,0.23,0.33,0.38,2.54,0.93,0.34,0.33,0.24,0.33,0.43,0.68,1.95,tick=71472 goal=0,,,
1787896196.1,-0.40,0.93,94.1,1.18,0.42,0.27,0.22,0.24,0.25,0.38,0.89,1.79,0.58,0.36,0.28,0.27,0.37,0.43,1.15,tick=71530 goal=0,,,
1787896204.2,-0.44,0.57,268.8,2.46,0.95,0.48,0.22,0.27,0.27,0.42,0.57,1.97,0.65,0.43,0.24,0.24,0.21,0.30,0.34,tick=72340 goal=0,,,
1787896204.8,-0.44,0.51,266.0,2.40,0.95,0.47,0.27,0.31,0.28,0.41,0.57,2.02,0.66,0.27,0.24,0.21,0.24,0.29,0.43,tick=72396 goal=0,,,
1787896205.3,-0.44,0.46,276.1,2.40,0.83,0.44,0.27,0.31,0.29,0.48,0.70,2.06,0.54,0.30,0.25,0.18,0.27,0.28,0.46,tick=72451 goal=0,,,
1787896205.9,-0.42,0.38,279.1,2.41,0.58,0.42,0.29,0.29,0.31,0.53,1.04,1.37,0.52,0.29,0.22,0.22,0.25,0.28,0.72,tick=72507 goal=0,,,
1787896206.5,-0.40,0.30,286.1,1.28,0.51,0.40,0.27,0.29,0.33,0.56,1.40,0.94,0.34,0.26,0.21,0.26,0.22,0.38,1.29,tick=72562 goal=0,,,
1787896207.0,-0.37,0.21,290.8,0.93,0.46,0.37,0.24,0.29,0.34,0.59,2.12,0.72,0.36,0.23,0.26,0.23,0.22,0.42,2.32,tick=72618 goal=0,,,
1787896207.6,-0.34,0.16,290.7,0.75,0.41,0.34,0.23,0.28,0.34,0.64,2.23,0.64,0.35,0.25,0.29,0.21,0.31,0.62,2.29,tick=72673 goal=0,,,
1787896208.1,-0.32,0.11,300.1,0.61,0.36,0.33,0.26,0.29,0.35,0.80,2.21,0.62,0.32,0.27,0.26,0.22,0.37,0.86,2.31,tick=72729 goal=0,,,
1787896208.7,-0.29,0.07,303.8,0.44,0.31,0.26,0.24,0.30,0.43,1.17,1.08,0.42,0.29,0.29,0.24,0.27,0.40,1.23,1.48,tick=72784 goal=0,,,
1787896209.2,-0.25,0.03,309.1,0.41,0.29,0.24,0.23,0.32,0.57,1.48,0.88,0.43,0.28,0.29,0.20,0.31,0.57,2.24,0.89,tick=72840 goal=0,,,
1787896209.8,-0.21,-0.01,315.3,0.36,0.27,0.23,0.23,0.30,0.59,2.19,0.83,0.43,0.31,0.28,0.23,0.31,0.60,2.25,0.72,tick=72895 goal=0,,,
1787896210.4,-0.21,-0.01,331.1,0.30,0.28,0.19,0.27,0.35,0.72,2.27,0.53,0.33,0.32,0.22,0.31,0.39,1.15,1.51,0.44,tick=72959 goal=0,,,
1787896211.1,-0.21,-0.01,347.7,0.31,0.20,0.25,0.30,0.63,2.28,0.72,0.42,0.34,0.26,0.26,0.37,0.81,2.17,0.64,0.35,tick=73022 goal=0,,,
1787896211.7,-0.21,-0.01,2.4,0.25,0.19,0.29,0.54,2.26,0.88,0.44,0.32,0.31,0.24,0.35,0.58,2.23,0.71,0.37,0.28,tick=73086 goal=0,,,
1787896212.3,-0.22,-0.01,17.8,0.21,0.30,0.34,1.12,1.32,0.48,0.34,0.33,0.23,0.32,0.42,1.81,1.14,0.40,0.29,0.28,tick=73149 goal=0,,,
1787896213.0,-0.22,-0.01,33.3,0.27,0.31,0.67,2.26,0.70,0.36,0.32,0.23,0.30,0.39,0.90,2.26,0.50,0.34,0.27,0.19,tick=73212 goal=0,,,
1787896213.6,-0.22,-0.01,52.8,0.31,0.63,2.25,0.73,0.41,0.30,0.26,0.26,0.33,0.61,2.21,0.67,0.36,0.27,0.22,0.22,tick=73276 goal=0,,,
1787896214.4,-0.22,-0.01,70.0,0.38,1.48,1.07,0.46,0.32,0.31,0.25,0.33,0.58,2.21,0.86,0.38,0.29,0.28,0.18,0.30,tick=73339 goal=0,,,
1787896214.9,-0.21,0.03,75.7,0.69,2.28,0.68,0.36,0.33,0.25,0.29,0.40,1.11,1.96,0.47,0.32,0.31,0.17,0.26,0.33,tick=73409 goal=0,,,
1787896215.5,-0.19,0.09,77.9,1.04,1.49,0.47,0.34,0.32,0.24,0.32,0.43,1.21,1.45,0.42,0.31,0.27,0.17,0.25,0.32,tick=73466 goal=0,,,
1787896216.0,-0.20,0.14,87.6,1.43,1.02,0.42,0.33,0.33,0.25,0.35,0.64,2.27,0.76,0.39,0.30,0.18,0.22,0.26,0.49,tick=73521 goal=0,,,
1787896216.6,-0.20,0.22,93.9,2.23,0.71,0.40,0.29,0.32,0.27,0.38,0.68,2.24,0.65,0.33,0.29,0.19,0.26,0.27,0.58,tick=73577 goal=0,,,
1787896217.3,-0.23,0.32,103.0,2.18,0.64,0.37,0.30,0.34,0.28,0.42,1.19,1.58,0.47,0.33,0.19,0.23,0.28,0.29,0.58,tick=73632 goal=0,,,
1787896217.8,-0.25,0.41,108.2,0.96,0.56,0.34,0.26,0.32,0.31,0.47,2.35,0.88,0.41,0.24,0.23,0.22,0.25,0.50,1.34,tick=73698 goal=0,,,
1787896218.4,-0.28,0.49,113.0,0.76,0.33,0.31,0.27,0.32,0.29,0.54,2.42,0.77,0.36,0.23,0.25,0.25,0.27,0.53,2.04,tick=73753 goal=0,,,
1787896218.9,-0.30,0.54,119.5,0.60,0.34,0.31,0.26,0.31,0.31,0.73,2.38,0.57,0.40,0.24,0.23,0.24,0.37,0.61,2.05,tick=73809 goal=0,,,
1787896219.5,-0.33,0.58,120.6,0.54,0.30,0.28,0.23,0.31,0.34,0.79,2.18,0.53,0.27,0.28,0.25,0.24,0.45,0.92,2.07,tick=73864 goal=0,,,
1787896220.0,-0.36,0.63,126.0,0.51,0.30,0.26,0.24,0.32,0.35,1.08,1.66,0.52,0.28,0.28,0.26,0.29,0.47,1.22,1.26,tick=73920 goal=0,,,
1787896220.6,-0.39,0.68,127.5,0.47,0.27,0.24,0.21,0.33,0.35,1.43,1.09,0.50,0.30,0.26,0.23,0.34,0.51,1.60,0.86,tick=73975 goal=0,,,
1787896221.2,-0.43,0.72,129.9,0.44,0.26,0.24,0.22,0.31,0.35,2.50,0.98,0.48,0.34,0.27,0.26,0.41,0.52,2.00,0.81,tick=74032 goal=0,,,
1787896221.8,-0.43,0.72,148.8,0.26,0.25,0.22,0.23,0.34,0.56,2.45,0.67,0.36,0.33,0.26,0.29,0.46,0.88,2.00,0.48,tick=74096 goal=0,,,
1787896222.4,-0.43,0.72,166.0,0.23,0.24,0.21,0.30,0.45,2.47,0.92,0.48,0.33,0.27,0.29,0.42,0.63,2.00,0.61,0.48,tick=74159 goal=0,,,
1787896223.1,-0.43,0.72,178.4,0.22,0.23,0.31,0.33,1.42,1.17,0.53,0.33,0.30,0.25,0.38,0.49,1.59,0.82,0.44,0.23,tick=74223 goal=0,,,
1787896223.7,-0.42,0.72,196.1,0.23,0.25,0.32,0.81,2.21,0.63,0.32,0.31,0.27,0.36,0.47,1.16,2.00,0.47,0.27,0.21,tick=74287 goal=0,,,
1787896224.4,-0.43,0.72,214.3,0.22,0.31,0.52,2.43,0.70,0.47,0.32,0.25,0.29,0.43,0.83,1.97,0.52,0.26,0.24,0.21,tick=74350 goal=0,,,
1787896225.1,-0.42,0.72,229.4,0.31,0.48,2.49,0.90,0.51,0.33,0.27,0.28,0.43,0.62,2.02,0.61,0.38,0.23,0.23,0.23,tick=74424 goal=0,,,
1787896225.7,-0.42,0.72,248.7,0.34,1.44,1.14,0.49,0.34,0.30,0.25,0.39,0.50,1.62,0.81,0.43,0.23,0.24,0.22,0.32,tick=74487 goal=0,,,
1787896226.4,-0.42,0.73,266.3,0.82,2.17,0.59,0.33,0.31,0.24,0.35,0.46,1.18,2.01,0.46,0.24,0.26,0.22,0.27,0.36,tick=74551 goal=0,,,
1787896227.1,-0.42,0.68,271.3,2.51,0.91,0.48,0.32,0.27,0.29,0.45,0.63,2.05,0.59,0.29,0.23,0.21,0.22,0.31,0.51,tick=74616 goal=0,,,
1787896227.6,-0.41,0.58,278.3,2.44,0.62,0.45,0.32,0.25,0.29,0.46,0.93,2.05,0.50,0.24,0.25,0.21,0.27,0.29,0.56,tick=74679 goal=0,,,
1787896228.3,-0.39,0.50,283.5,1.67,0.56,0.29,0.30,0.26,0.29,0.52,1.27,1.26,0.52,0.28,0.24,0.23,0.30,0.29,1.02,tick=74737 goal=0,,,
1787896228.9,-0.35,0.41,292.0,0.93,0.49,0.27,0.28,0.28,0.34,0.54,2.09,0.72,0.32,0.28,0.21,0.28,0.26,0.45,2.37,tick=74803 goal=0,,,
1787896229.5,-0.32,0.33,291.3,0.93,0.40,0.26,0.28,0.26,0.34,0.60,2.15,0.65,0.34,0.27,0.24,0.27,0.26,0.48,2.37,tick=74858 goal=0,,,
1787896230.1,-0.28,0.27,296.1,0.58,0.37,0.23,0.27,0.26,0.35,0.66,2.10,0.62,0.34,0.25,0.30,0.24,0.37,0.70,2.32,tick=74921 goal=0,,,
1787896230.8,-0.25,0.21,302.1,0.49,0.36,0.22,0.27,0.27,0.34,0.81,2.19,0.60,0.35,0.26,0.29,0.23,0.39,0.93,2.04,tick=74984 goal=0,,,
1787896231.3,-0.21,0.17,306.7,0.43,0.31,0.19,0.24,0.26,0.44,1.14,1.21,0.42,0.32,0.31,0.29,0.29,0.41,1.88,0.98,tick=75048 goal=0,,,
1787896231.9,-0.18,0.13,310.5,0.38,0.31,0.20,0.26,0.27,0.51,1.43,1.03,0.43,0.31,0.32,0.26,0.35,0.61,2.29,0.79,tick=75103 goal=0,,,
1787896232.7,-0.13,0.07,312.6,0.36,0.29,0.16,0.22,0.26,0.54,2.18,0.87,0.44,0.33,0.35,0.25,0.37,0.65,2.26,0.69,tick=75176 goal=0,,,
1787896233.3,-0.09,0.03,318.5,0.36,0.25,0.17,0.20,0.26,0.54,2.18,0.88,0.46,0.34,0.31,0.29,0.39,0.82,2.23,0.62,tick=75239 goal=0,,,
1787896234.0,-0.08,0.02,331.6,0.25,0.23,0.14,0.22,0.28,0.64,2.27,0.72,0.42,0.35,0.26,0.37,0.58,1.23,1.45,0.35,tick=75310 goal=0,,,
1787896234.6,-0.08,0.02,350.8,0.26,0.15,0.18,0.27,0.59,2.24,0.75,0.42,0.34,0.31,0.35,0.42,0.97,2.27,0.38,0.26,tick=75381 goal=0,,,
1787896235.3,-0.08,0.02,5.2,0.16,0.14,0.24,0.36,2.22,0.91,0.46,0.36,0.34,0.30,0.39,0.81,2.23,0.62,0.31,0.25,tick=75445 goal=0,,,
1787896235.9,-0.08,0.02,22.4,0.16,0.24,0.33,1.13,1.29,0.50,0.37,0.39,0.28,0.37,0.62,2.25,0.72,0.32,0.26,0.22,tick=75508 goal=0,,,
1787896236.6,-0.09,0.02,37.3,0.25,0.29,0.68,2.28,0.72,0.42,0.37,0.29,0.36,0.47,1.21,1.45,0.35,0.27,0.24,0.14,tick=75572 goal=0,,,
1787896237.3,-0.09,0.02,57.5,0.26,0.62,2.23,0.76,0.44,0.36,0.28,0.34,0.41,0.94,2.27,0.40,0.25,0.26,0.16,0.22,tick=75643 goal=0,,,
1787896238.0,-0.09,0.02,76.3,0.55,2.20,0.85,0.46,0.35,0.32,0.30,0.39,0.84,2.20,0.58,0.30,0.26,0.17,0.17,0.26,tick=75717 goal=0,,,
1787896238.6,-0.09,0.02,93.2,1.45,1.07,0.49,0.34,0.36,0.27,0.37,0.64,2.23,0.68,0.32,0.25,0.19,0.14,0.24,0.33,tick=75780 goal=0,,,
1787896239.2,-0.10,0.06,98.1,2.24,0.72,0.43,0.36,0.29,0.34,0.44,1.15,1.96,0.40,0.26,0.25,0.17,0.21,0.28,0.63,tick=75836 goal=0,,,
1787896239.7,-0.12,0.14,111.7,1.26,0.48,0.37,0.35,0.26,0.38,0.62,2.27,0.77,0.34,0.26,0.14,0.17,0.24,0.29,1.11,tick=75891 goal=0,,,
1787896240.3,-0.16,0.22,113.3,0.82,0.41,0.33,0.37,0.29,0.39,0.70,2.27,0.59,0.30,0.27,0.15,0.24,0.24,0.56,2.17,tick=75947 goal=0,,,
1787896240.9,-0.19,0.27,124.4,0.65,0.39,0.29,0.33,0.29,0.43,1.20,1.57,0.43,0.32,0.18,0.23,0.22,0.30,0.64,2.19,tick=76002 goal=0,,,
1787896241.5,-0.22,0.31,134.1,0.60,0.35,0.29,0.31,0.28,0.46,1.90,0.96,0.42,0.31,0.19,0.24,0.24,0.47,1.35,1.16,tick=76058 goal=0,,,
1787896242.0,-0.26,0.36,133.4,0.37,0.32,0.28,0.29,0.30,0.53,2.34,0.76,0.37,0.20,0.23,0.23,0.27,0.53,2.11,0.79,tick=76120 goal=0,,,
1787896242.7,-0.30,0.39,137.1,0.36,0.28,0.27,0.30,0.30,0.69,2.33,0.72,0.37,0.22,0.25,0.28,0.31,0.58,2.17,0.66,tick=76176 goal=0,,,
1787896243.3,-0.35,0.44,138.6,0.33,0.26,0.26,0.29,0.31,0.73,2.35,0.58,0.41,0.25,0.27,0.27,0.41,0.70,2.08,0.58,tick=76242 goal=0,,,
1787896243.9,-0.35,0.44,152.0,0.30,0.22,0.28,0.28,0.40,1.26,1.60,0.53,0.37,0.30,0.27,0.28,0.53,1.31,1.10,0.52,tick=76306 goal=0,,,
1787896244.5,-0.35,0.44,171.0,0.26,0.24,0.29,0.30,0.72,2.43,1.60,0.41,0.26,0.27,0.28,0.48,0.93,2.10,0.57,0.31,tick=76369 goal=0,,,
